Date,Open,High,Low,Close,Volume
1/4/2010 16:00:00,1116.56,1133.87,1116.56,1132.99,0
1/5/2010 16:00:00,1132.66,1136.63,1129.66,1136.52,0
1/6/2010 16:00:00,1135.71,1139.19,1133.95,1135.71,0
1/7/2010 16:00:00,1136.27,1142.46,1131.32,1141.69,0
1/8/2010 16:00:00,1140.52,1145.39,1136.22,1144.98,0
1/11/2010 16:00:00,1145.96,1149.74,1117.28,1146.98,0
1/12/2010 16:00:00,1143.81,1143.81,1131.77,1136.22,0
1/13/2010 16:00:00,1137.31,1148.4,1133.18,1145.68,0
1/14/2010 16:00:00,1144.87,1150.41,1143.8,1144.89,0
1/15/2010 16:00:00,1147.72,1147.77,1131.39,1136.03,0
1/19/2010 16:00:00,1136.03,1150.45,1135.77,1150.23,0
1/20/2010 16:00:00,1147.95,1147.95,1129.25,1138.04,0
1/21/2010 16:00:00,1138.68,1141.58,1114.84,1116.48,0
1/22/2010 16:00:00,1115.49,1115.49,1090.18,1115.49,0
1/25/2010 16:00:00,1092.4,1102.97,1092.4,1096.78,0
1/26/2010 16:00:00,1095.8,1103.69,1089.86,1092.17,0
1/27/2010 16:00:00,1091.94,1099.51,1083.11,1097.5,0
1/28/2010 16:00:00,1096.93,1100.22,1078.46,1084.53,0
1/29/2010 16:00:00,1087.61,1096.45,1071.59,1073.87,0
2/1/2010 16:00:00,1073.89,1089.38,1073.89,1089.19,0
2/2/2010 16:00:00,1090.05,1104.73,1087.96,1103.32,0
2/3/2010 16:00:00,1100.67,1102.72,1093.97,1097.28,0
2/4/2010 16:00:00,1097.25,1097.25,1062.78,1063.11,0
2/5/2010 16:00:00,1064.12,1067.13,1044.5,1066.19,0
2/8/2010 16:00:00,1065.51,1071.2,1056.51,1056.74,0
2/9/2010 16:00:00,1060.06,1079.28,1060.06,1070.52,0
2/10/2010 16:00:00,1069.68,1073.67,1059.34,1068.13,0
2/11/2010 16:00:00,1067.1,1080.04,1060.59,1078.47,0
2/12/2010 16:00:00,1075.95,1077.81,1062.97,1075.51,0
2/16/2010 16:00:00,1081.21,1095.67,1081.21,1094.87,0
2/17/2010 16:00:00,1096.14,1101.03,1094.78,1099.51,0
2/18/2010 16:00:00,1099.03,1108.24,1097.48,1106.75,0
2/19/2010 16:00:00,1105.49,1112.42,1100.8,1109.17,0
2/22/2010 16:00:00,1110,1112.29,1105.38,1108.01,0
2/23/2010 16:00:00,1107.49,1108.58,1092.18,1094.6,0
2/24/2010 16:00:00,1095.89,1106.42,1095.5,1105.24,0
2/25/2010 16:00:00,1101.24,1103.5,1086.02,1102.94,0
2/26/2010 16:00:00,1103.1,1107.24,1097.56,1104.49,0
3/1/2010 16:00:00,1105.36,1116.11,1105.36,1115.71,0
3/2/2010 16:00:00,1117.77,1123.46,1116.51,1118.31,0
3/3/2010 16:00:00,1119.36,1125.64,1116.58,1118.79,0
3/4/2010 16:00:00,1119.12,1123.73,1116.66,1122.97,0
3/5/2010 16:00:00,1125.12,1139.38,1125.12,1138.7,0
3/8/2010 16:00:00,1138.4,1141.05,1136.77,1138.5,0
3/9/2010 16:00:00,1137.56,1145.37,1134.9,1140.45,0
3/10/2010 16:00:00,1140.22,1148.26,1140.09,1145.61,0
3/11/2010 16:00:00,1143.96,1150.24,1138.99,1150.24,0
3/12/2010 16:00:00,1151.71,1153.41,1146.97,1149.99,0
3/15/2010 16:00:00,1148.53,1150.98,1141.45,1150.51,0
3/16/2010 16:00:00,1150.83,1160.28,1150.35,1159.46,0
3/17/2010 16:00:00,1159.94,1169.84,1159.94,1160.74,0
3/18/2010 16:00:00,1166.13,1167.77,1161.16,1165.83,0
3/19/2010 16:00:00,1166.68,1169.2,1155.33,1159.9,0
3/22/2010 16:00:00,1157.25,1167.82,1152.88,1165.81,0
3/23/2010 16:00:00,1166.47,1174.72,1163.83,1166.47,0
3/24/2010 16:00:00,1172.7,1173.04,1166.01,1167.72,0
3/25/2010 16:00:00,1170.03,1180.69,1165.09,1165.73,0
3/26/2010 16:00:00,1167.58,1173.93,1161.48,1166.59,0
3/29/2010 16:00:00,1167.71,1174.85,1167.71,1173.22,0
3/30/2010 16:00:00,1173.75,1177.83,1168.92,1173.27,0
3/31/2010 16:00:00,1171.75,1174.56,1165.77,1169.43,0
4/1/2010 16:00:00,1173.38,1181.43,1170.69,1178.1,0
4/5/2010 16:00:00,1178.71,1187.73,1178.71,1187.44,0
4/6/2010 16:00:00,1186.01,1191.8,1182.77,1189.44,0
4/7/2010 16:00:00,1188.23,1189.6,1177.25,1182.45,0
4/8/2010 16:00:00,1181.75,1188.55,1175.12,1186.44,0
4/9/2010 16:00:00,1187.47,1194.66,1187.15,1194.37,0
4/12/2010 16:00:00,1194.94,1199.2,1194.71,1196.48,0
4/13/2010 16:00:00,1195.94,1199.04,1188.82,1197.3,0
4/14/2010 16:00:00,1198.69,1210.65,1198.69,1210.65,0
4/15/2010 16:00:00,1210.77,1213.92,1208.5,1211.67,0
4/16/2010 16:00:00,1210.17,1210.17,1186.77,1192.13,0
4/19/2010 16:00:00,1192.06,1197.87,1183.68,1197.52,0
4/20/2010 16:00:00,1199.04,1208.58,1199.04,1207.17,0
4/21/2010 16:00:00,1207.16,1210.99,1198.85,1205.94,0
4/22/2010 16:00:00,1202.52,1210.27,1190.19,1208.67,0
4/23/2010 16:00:00,1207.87,1217.28,1205.1,1217.28,0
4/26/2010 16:00:00,1217.07,1219.8,1211.07,1212.05,0
4/27/2010 16:00:00,1209.92,1211.38,1181.62,1183.71,0
4/28/2010 16:00:00,1184.59,1195.05,1181.81,1191.36,0
4/29/2010 16:00:00,1193.3,1209.36,1193.3,1206.78,0
4/30/2010 16:00:00,1206.77,1207.99,1186.32,1186.69,0
5/3/2010 16:00:00,1188.58,1205.13,1188.58,1202.26,0
5/4/2010 16:00:00,1197.5,1197.5,1168.12,1173.6,0
5/5/2010 16:00:00,1169.24,1175.95,1158.15,1165.87,0
5/6/2010 16:00:00,1164.38,1167.58,1125.79,1128.15,0
5/7/2010 16:00:00,1127.04,1135.13,1094.15,1110.88,0
5/10/2010 16:00:00,1130.36,1163.85,1130.36,1159.73,0
5/11/2010 16:00:00,1156.39,1170.48,1147.71,1155.79,0
5/12/2010 16:00:00,1155.43,1172.87,1155.43,1171.67,0
5/13/2010 16:00:00,1170.04,1173.57,1156.14,1157.44,0
5/14/2010 16:00:00,1157.19,1157.19,1126.14,1135.68,0
5/17/2010 16:00:00,1136.52,1141.88,1114.96,1136.94,0
5/18/2010 16:00:00,1138.78,1148.66,1117.2,1120.8,0
5/19/2010 16:00:00,1119.57,1124.27,1100.66,1115.05,0
5/20/2010 16:00:00,1107.34,1107.34,1071.58,1071.59,0
5/21/2010 16:00:00,1067.26,1090.16,1055.9,1087.69,0
5/24/2010 16:00:00,1084.78,1089.95,1072.7,1073.65,0
5/25/2010 16:00:00,1067.42,1074.75,1040.78,1074.03,0
5/26/2010 16:00:00,1075.51,1090.75,1065.59,1067.95,0
5/27/2010 16:00:00,1074.27,1103.52,1074.27,1103.06,0
5/28/2010 16:00:00,1102.59,1102.59,1084.78,1089.41,0
6/1/2010 16:00:00,1087.3,1094.77,1069.89,1070.71,0
6/2/2010 16:00:00,1073.01,1098.56,1072.03,1098.38,0
6/3/2010 16:00:00,1098.82,1105.67,1091.81,1102.83,0
6/4/2010 16:00:00,1098.43,1098.43,1060.5,1064.88,0
6/7/2010 16:00:00,1065.84,1071.36,1049.86,1050.47,0
6/8/2010 16:00:00,1050.81,1063.15,1042.17,1062,0
6/9/2010 16:00:00,1062.75,1077.74,1052.25,1055.69,0
6/10/2010 16:00:00,1058.77,1087.85,1058.77,1086.84,0
6/11/2010 16:00:00,1082.65,1092.25,1077.12,1091.6,0
6/14/2010 16:00:00,1095,1105.91,1089.03,1089.63,0
6/15/2010 16:00:00,1091.21,1115.59,1091.21,1115.23,0
6/16/2010 16:00:00,1114.02,1118.74,1107.13,1114.61,0
6/17/2010 16:00:00,1115.98,1117.72,1105.87,1116.04,0
6/18/2010 16:00:00,1116.16,1121.01,1113.93,1117.51,0
6/21/2010 16:00:00,1122.79,1131.23,1108.24,1113.2,0
6/22/2010 16:00:00,1113.9,1118.5,1094.18,1095.31,0
6/23/2010 16:00:00,1095.57,1099.64,1085.31,1092.04,0
6/24/2010 16:00:00,1090.93,1090.93,1071.6,1073.69,0
6/25/2010 16:00:00,1075.1,1083.56,1067.89,1076.76,0
6/28/2010 16:00:00,1077.5,1082.6,1071.45,1074.57,0
6/29/2010 16:00:00,1071.1,1071.1,1035.18,1041.24,0
6/30/2010 16:00:00,1040.56,1048.08,1028.33,1030.71,0
7/1/2010 16:00:00,1031.1,1033.58,1010.91,1027.37,0
7/2/2010 16:00:00,1027.65,1032.95,1015.93,1022.58,0
7/6/2010 16:00:00,1028.09,1042.5,1018.35,1028.06,0
7/7/2010 16:00:00,1028.54,1060.89,1028.54,1060.27,0
7/8/2010 16:00:00,1062.92,1071.25,1058.24,1070.25,0
7/9/2010 16:00:00,1070.5,1078.16,1068.1,1077.96,0
7/12/2010 16:00:00,1077.23,1080.78,1070.45,1078.75,0
7/13/2010 16:00:00,1080.65,1099.46,1080.65,1095.34,0
7/14/2010 16:00:00,1095.61,1099.08,1087.68,1095.17,0
7/15/2010 16:00:00,1094.46,1098.66,1080.53,1096.48,0
7/16/2010 16:00:00,1093.85,1093.85,1063.32,1064.88,0
7/19/2010 16:00:00,1066.85,1074.7,1061.11,1071.25,0
7/20/2010 16:00:00,1064.53,1083.94,1056.88,1083.48,0
7/21/2010 16:00:00,1086.67,1088.96,1065.25,1069.59,0
7/22/2010 16:00:00,1072.14,1097.5,1072.14,1093.67,0
7/23/2010 16:00:00,1092.17,1103.73,1087.88,1102.66,0
7/26/2010 16:00:00,1102.89,1115.01,1101.3,1115.01,0
7/27/2010 16:00:00,1117.36,1120.95,1109.78,1113.84,0
7/28/2010 16:00:00,1112.84,1114.66,1103.11,1106.13,0
7/29/2010 16:00:00,1108.07,1115.9,1092.82,1101.53,0
7/30/2010 16:00:00,1098.44,1106.44,1088.01,1101.6,0
8/2/2010 16:00:00,1107.53,1127.3,1107.53,1125.86,0
8/3/2010 16:00:00,1125.34,1125.44,1116.76,1120.46,0
8/4/2010 16:00:00,1121.06,1128.75,1119.46,1127.24,0
8/5/2010 16:00:00,1125.78,1126.56,1118.81,1125.81,0
8/6/2010 16:00:00,1122.07,1123.06,1107.17,1121.64,0
8/9/2010 16:00:00,1122.8,1129.24,1120.91,1127.79,0
8/10/2010 16:00:00,1122.92,1127.16,1111.58,1121.06,0
8/11/2010 16:00:00,1116.89,1116.89,1088.55,1089.47,0
8/12/2010 16:00:00,1081.48,1086.72,1076.69,1083.61,0
8/13/2010 16:00:00,1082.22,1086.25,1079,1079.25,0
8/16/2010 16:00:00,1077.49,1082.62,1069.49,1079.38,0
8/17/2010 16:00:00,1081.16,1100.14,1081.16,1092.54,0
8/18/2010 16:00:00,1092.08,1099.77,1085.76,1094.16,0
8/19/2010 16:00:00,1092.44,1092.44,1070.66,1075.63,0
8/20/2010 16:00:00,1075.63,1075.63,1063.91,1071.69,0
8/23/2010 16:00:00,1073.36,1081.58,1067.08,1067.36,0
8/24/2010 16:00:00,1063.2,1063.2,1046.68,1051.87,0
8/25/2010 16:00:00,1048.98,1059.38,1039.83,1055.33,0
8/26/2010 16:00:00,1056.28,1061.45,1045.4,1047.22,0
8/27/2010 16:00:00,1049.27,1065.21,1039.7,1064.59,0
8/30/2010 16:00:00,1062.9,1064.4,1048.79,1048.92,0
8/31/2010 16:00:00,1046.88,1055.14,1040.88,1049.33,0
9/1/2010 16:00:00,1049.72,1081.3,1049.72,1080.29,0
9/2/2010 16:00:00,1080.66,1090.1,1080.39,1090.1,0
9/3/2010 16:00:00,1093.61,1105.1,1093.61,1104.51,0
9/7/2010 16:00:00,1102.6,1102.6,1091.15,1091.84,0
9/8/2010 16:00:00,1092.36,1103.26,1092.36,1098.87,0
9/9/2010 16:00:00,1101.15,1110.27,1101.15,1104.18,0
9/10/2010 16:00:00,1104.57,1110.88,1103.92,1109.55,0
9/13/2010 16:00:00,1113.38,1123.87,1113.38,1121.9,0
9/14/2010 16:00:00,1121.16,1127.36,1115.58,1121.1,0
9/15/2010 16:00:00,1119.43,1126.46,1114.63,1125.07,0
9/16/2010 16:00:00,1123.89,1125.44,1118.88,1124.66,0
9/17/2010 16:00:00,1126.39,1131.47,1122.43,1125.59,0
9/20/2010 16:00:00,1126.57,1144.86,1126.57,1142.71,0
9/21/2010 16:00:00,1142.82,1148.59,1136.22,1139.78,0
9/22/2010 16:00:00,1139.49,1144.38,1131.58,1134.28,0
9/23/2010 16:00:00,1131.1,1136.77,1122.79,1124.83,0
9/24/2010 16:00:00,1131.69,1148.9,1131.69,1148.67,0
9/27/2010 16:00:00,1148.64,1149.92,1142,1142.16,0
9/28/2010 16:00:00,1137.8,1150,1132.09,1147.7,0
9/29/2010 16:00:00,1146.75,1148.63,1140.26,1144.73,0
9/30/2010 16:00:00,1145.97,1157.16,1136.08,1141.2,0
10/1/2010 16:00:00,1143.49,1150.3,1139.42,1146.24,0
10/4/2010 16:00:00,1144.96,1148.16,1131.87,1137.03,0
10/5/2010 16:00:00,1140.68,1162.76,1140.68,1160.75,0
10/6/2010 16:00:00,1159.81,1162.33,1154.85,1157.18,0
10/7/2010 16:00:00,1161.57,1163.87,1151.41,1158.06,0
10/8/2010 16:00:00,1158.36,1167.73,1155.58,1165.15,0
10/11/2010 16:00:00,1165.32,1168.68,1162.02,1165.32,0
10/12/2010 16:00:00,1164.28,1172.58,1155.71,1169.77,0
10/13/2010 16:00:00,1171.32,1184.38,1171.32,1178.1,0
10/14/2010 16:00:00,1175.87,1178.89,1166.71,1173.81,0
10/15/2010 16:00:00,1177.47,1181.2,1167.12,1176.19,0
10/18/2010 16:00:00,1176.83,1185.53,1174.55,1184.71,0
10/19/2010 16:00:00,1178.64,1178.64,1159.71,1165.9,0
10/20/2010 16:00:00,1166.74,1182.94,1166.74,1178.17,0
10/21/2010 16:00:00,1179.82,1189.43,1171.17,1180.26,0
10/22/2010 16:00:00,1180.52,1183.93,1178.99,1183.08,0
10/25/2010 16:00:00,1184.74,1196.14,1184.74,1185.62,0
10/26/2010 16:00:00,1184.88,1187.11,1177.72,1185.64,0
10/27/2010 16:00:00,1183.84,1183.84,1171.7,1182.45,0
10/28/2010 16:00:00,1184.47,1189.53,1177.1,1183.78,0
10/29/2010 16:00:00,1183.87,1185.46,1179.7,1183.26,0
11/1/2010 16:00:00,1185.71,1195.81,1177.65,1184.38,0
11/2/2010 16:00:00,1187.86,1195.88,1187.86,1193.57,0
11/3/2010 16:00:00,1193.79,1198.3,1183.56,1197.96,0
11/4/2010 16:00:00,1198.34,1221.25,1198.34,1221.06,0
11/5/2010 16:00:00,1221.2,1227.08,1220.29,1225.85,0
11/8/2010 16:00:00,1223.24,1224.57,1217.55,1223.25,0
11/9/2010 16:00:00,1223.59,1226.84,1208.94,1213.4,0
11/10/2010 16:00:00,1213.14,1218.75,1204.33,1218.71,0
11/11/2010 16:00:00,1213.04,1215.45,1204.49,1213.54,0
11/12/2010 16:00:00,1209.07,1210.5,1194.08,1199.21,0
11/15/2010 16:00:00,1200.44,1207.43,1197.15,1197.75,0
11/16/2010 16:00:00,1194.79,1194.79,1173,1178.34,0
11/17/2010 16:00:00,1178.33,1183.56,1175.82,1178.59,0
11/18/2010 16:00:00,1183.75,1200.29,1183.75,1196.69,0
11/19/2010 16:00:00,1196.12,1199.97,1189.44,1199.73,0
11/22/2010 16:00:00,1198.07,1198.94,1184.58,1197.84,0
11/23/2010 16:00:00,1192.51,1192.51,1176.91,1180.73,0
11/24/2010 16:00:00,1183.7,1198.62,1183.7,1198.35,0
11/26/2010 16:00:00,1194.16,1194.16,1186.93,1189.4,0
11/29/2010 16:00:00,1189.08,1190.34,1173.64,1187.76,0
11/30/2010 16:00:00,1182.96,1187.4,1174.14,1180.55,0
12/1/2010 16:00:00,1186.6,1207.61,1186.6,1206.07,0
12/2/2010 16:00:00,1206.81,1221.89,1206.81,1221.53,0
12/3/2010 16:00:00,1219.93,1225.57,1216.82,1224.71,0
12/6/2010 16:00:00,1223.87,1225.8,1220.67,1223.12,0
12/7/2010 16:00:00,1227.25,1235.05,1223.25,1223.75,0
12/8/2010 16:00:00,1225.02,1228.93,1219.5,1228.28,0
12/9/2010 16:00:00,1230.14,1234.71,1226.85,1233,0
12/10/2010 16:00:00,1233.85,1240.4,1232.58,1240.4,0
12/13/2010 16:00:00,1242.52,1246.73,1240.34,1240.46,0
12/14/2010 16:00:00,1241.84,1246.59,1238.17,1241.59,0
12/15/2010 16:00:00,1241.58,1244.25,1234.01,1235.23,0
12/16/2010 16:00:00,1236.34,1243.75,1232.85,1242.87,0
12/17/2010 16:00:00,1243.63,1245.81,1239.87,1243.91,0
12/20/2010 16:00:00,1245.76,1250.2,1241.51,1247.08,0
12/21/2010 16:00:00,1249.43,1255.82,1249.43,1254.6,0
12/22/2010 16:00:00,1254.94,1259.39,1254.94,1258.84,0
12/23/2010 16:00:00,1257.53,1258.59,1254.05,1256.77,0
12/27/2010 16:00:00,1254.66,1258.43,1251.48,1257.54,0
12/28/2010 16:00:00,1259.1,1259.9,1256.22,1258.51,0
12/29/2010 16:00:00,1258.78,1262.6,1258.78,1259.78,0
12/30/2010 16:00:00,1259.44,1261.09,1256.32,1257.88,0
12/31/2010 16:00:00,1256.76,1259.34,1254.19,1257.64,0
1/3/2011 16:00:00,1257.62,1276.17,1257.62,1271.89,0
1/4/2011 16:00:00,1272.95,1274.12,1262.66,1270.2,0
1/5/2011 16:00:00,1268.78,1277.63,1265.36,1276.56,0
1/6/2011 16:00:00,1276.29,1278.17,1270.43,1273.85,0
1/7/2011 16:00:00,1274.41,1276.83,1261.7,1271.5,0
1/10/2011 16:00:00,1270.84,1271.52,1262.18,1269.75,0
1/11/2011 16:00:00,1272.58,1277.25,1269.62,1274.48,0
1/12/2011 16:00:00,1275.65,1286.87,1275.65,1285.96,0
1/13/2011 16:00:00,1285.78,1286.7,1280.47,1283.76,0
1/14/2011 16:00:00,1282.9,1293.24,1281.24,1293.24,0
1/18/2011 16:00:00,1293.22,1296.06,1290.16,1295.02,0
1/19/2011 16:00:00,1294.52,1294.6,1278.92,1281.92,0
1/20/2011 16:00:00,1280.85,1283.35,1271.26,1280.26,0
1/21/2011 16:00:00,1283.63,1291.21,1282.07,1283.35,0
1/24/2011 16:00:00,1283.29,1291.93,1282.47,1290.84,0
1/25/2011 16:00:00,1288.17,1291.26,1281.07,1291.18,0
1/26/2011 16:00:00,1291.97,1299.74,1291.97,1296.63,0
1/27/2011 16:00:00,1297.51,1301.29,1294.41,1299.54,0
1/28/2011 16:00:00,1299.63,1302.67,1275.1,1276.34,0
1/31/2011 16:00:00,1276.5,1287.17,1276.5,1286.12,0
2/1/2011 16:00:00,1289.14,1308.86,1289.14,1307.59,0
2/2/2011 16:00:00,1305.91,1307.61,1302.62,1304.03,0
2/3/2011 16:00:00,1302.77,1308.6,1294.83,1307.1,0
2/4/2011 16:00:00,1307.01,1311,1301.67,1310.87,0
2/7/2011 16:00:00,1311.85,1322.85,1311.85,1319.05,0
2/8/2011 16:00:00,1318.76,1324.87,1316.03,1324.57,0
2/9/2011 16:00:00,1322.48,1324.54,1314.89,1320.88,0
2/10/2011 16:00:00,1318.13,1322.78,1311.74,1321.87,0
2/11/2011 16:00:00,1318.66,1330.79,1316.08,1329.15,0
2/14/2011 16:00:00,1328.73,1332.96,1326.9,1332.32,0
2/15/2011 16:00:00,1330.43,1330.43,1324.61,1328.01,0
2/16/2011 16:00:00,1329.51,1337.61,1329.51,1336.32,0
2/17/2011 16:00:00,1334.37,1341.5,1331,1340.43,0
2/18/2011 16:00:00,1340.38,1344.07,1338.12,1343.01,0
2/22/2011 16:00:00,1338.91,1338.91,1312.33,1315.44,0
2/23/2011 16:00:00,1315.44,1317.91,1299.55,1307.4,0
2/24/2011 16:00:00,1307.09,1310.91,1294.26,1306.1,0
2/25/2011 16:00:00,1307.34,1320.61,1307.34,1319.88,0
2/28/2011 16:00:00,1321.61,1329.38,1320.55,1327.22,0
3/1/2011 16:00:00,1328.64,1332.09,1306.14,1306.33,0
3/2/2011 16:00:00,1305.47,1314.19,1302.58,1308.44,0
3/3/2011 16:00:00,1312.37,1332.28,1312.37,1330.97,0
3/4/2011 16:00:00,1330.73,1331.08,1312.59,1321.15,0
3/7/2011 16:00:00,1322.72,1327.68,1303.99,1310.13,0
3/8/2011 16:00:00,1311.05,1325.74,1306.86,1321.82,0
3/9/2011 16:00:00,1319.92,1323.21,1312.27,1320.02,0
3/10/2011 16:00:00,1315.72,1315.72,1294.21,1295.11,0
3/11/2011 16:00:00,1293.43,1308.35,1291.99,1304.28,0
3/14/2011 16:00:00,1301.19,1301.19,1286.37,1296.39,0
3/15/2011 16:00:00,1288.46,1288.46,1261.12,1281.87,0
3/16/2011 16:00:00,1279.46,1280.91,1249.05,1256.88,0
3/17/2011 16:00:00,1261.61,1278.88,1261.61,1273.72,0
3/18/2011 16:00:00,1276.71,1288.88,1276.18,1279.2,0
3/21/2011 16:00:00,1281.65,1300.58,1281.65,1298.38,0
3/22/2011 16:00:00,1298.29,1299.35,1292.7,1293.77,0
3/23/2011 16:00:00,1292.19,1300.51,1284.05,1297.54,0
3/24/2011 16:00:00,1300.61,1311.34,1297.74,1309.66,0
3/25/2011 16:00:00,1311.8,1319.18,1310.15,1313.8,0
3/28/2011 16:00:00,1311.8,1319.74,1310.15,1310.19,0
3/29/2011 16:00:00,1309.37,1319.45,1305.26,1319.44,0
3/30/2011 16:00:00,1321.89,1331.74,1321.89,1328.26,0
3/31/2011 16:00:00,1327.44,1329.77,1325.03,1325.83,0
4/1/2011 16:00:00,1329.48,1337.85,1328.89,1332.41,0
4/4/2011 16:00:00,1333.56,1336.74,1329.1,1332.87,0
4/5/2011 16:00:00,1332.03,1338.21,1330.03,1332.63,0
4/6/2011 16:00:00,1335.94,1339.38,1331.09,1335.54,0
4/7/2011 16:00:00,1334.82,1338.8,1326.56,1333.51,0
4/8/2011 16:00:00,1336.16,1339.46,1322.94,1328.17,0
4/11/2011 16:00:00,1329.01,1333.77,1321.06,1324.46,0
4/12/2011 16:00:00,1321.96,1321.96,1309.51,1314.16,0
4/13/2011 16:00:00,1314.03,1321.35,1309.19,1314.41,0
4/14/2011 16:00:00,1311.13,1316.79,1302.42,1314.52,0
4/15/2011 16:00:00,1314.54,1322.88,1313.68,1319.68,0
4/18/2011 16:00:00,1313.35,1313.35,1294.7,1305.14,0
4/19/2011 16:00:00,1305.99,1312.7,1303.97,1312.62,0
4/20/2011 16:00:00,1319.12,1332.66,1319.12,1330.36,0
4/21/2011 16:00:00,1333.23,1337.49,1332.83,1337.38,0
4/25/2011 16:00:00,1337.14,1337.55,1331.47,1335.25,0
4/26/2011 16:00:00,1336.75,1349.55,1336.75,1347.24,0
4/27/2011 16:00:00,1348.43,1357.49,1344.25,1355.66,0
4/28/2011 16:00:00,1353.86,1361.71,1353.6,1360.48,0
4/29/2011 16:00:00,1360.14,1364.56,1358.69,1363.61,0
5/2/2011 16:00:00,1365.21,1370.58,1358.59,1361.22,0
5/3/2011 16:00:00,1359.76,1360.84,1349.52,1356.62,0
5/4/2011 16:00:00,1355.9,1355.9,1341.5,1347.32,0
5/5/2011 16:00:00,1344.16,1348,1329.17,1335.1,0
5/6/2011 16:00:00,1340.24,1354.36,1335.58,1340.2,0
5/9/2011 16:00:00,1340.2,1349.44,1338.64,1346.29,0
5/10/2011 16:00:00,1348.34,1359.44,1348.34,1357.16,0
5/11/2011 16:00:00,1354.51,1354.51,1336.36,1342.08,0
5/12/2011 16:00:00,1339.39,1351.05,1332.03,1348.65,0
5/13/2011 16:00:00,1348.69,1350.47,1333.36,1337.77,0
5/16/2011 16:00:00,1334.77,1343.33,1327.32,1329.47,0
5/17/2011 16:00:00,1326.1,1330.42,1318.51,1328.98,0
5/18/2011 16:00:00,1328.54,1341.82,1326.59,1340.68,0
5/19/2011 16:00:00,1342.4,1346.82,1336.36,1343.6,0
5/20/2011 16:00:00,1342,1342,1330.67,1333.27,0
5/23/2011 16:00:00,1333.07,1333.07,1312.88,1317.37,0
5/24/2011 16:00:00,1317.7,1323.72,1313.87,1316.28,0
5/25/2011 16:00:00,1316.36,1325.86,1311.8,1320.47,0
5/26/2011 16:00:00,1320.64,1328.51,1314.41,1325.69,0
5/27/2011 16:00:00,1325.69,1334.62,1325.69,1331.1,0
5/31/2011 16:00:00,1331.1,1345.2,1331.1,1345.2,0
6/1/2011 16:00:00,1345.2,1345.2,1313.71,1314.55,0
6/2/2011 16:00:00,1314.55,1318.03,1305.61,1312.94,0
6/3/2011 16:00:00,1312.94,1312.94,1297.9,1300.16,0
6/6/2011 16:00:00,1300.26,1300.26,1284.72,1286.17,0
6/7/2011 16:00:00,1286.31,1296.22,1284.74,1284.94,0
6/8/2011 16:00:00,1284.63,1287.04,1277.42,1279.56,0
6/9/2011 16:00:00,1279.63,1294.54,1279.63,1289,0
6/10/2011 16:00:00,1288.6,1288.6,1268.28,1270.98,0
6/13/2011 16:00:00,1271.31,1277.04,1265.64,1271.83,0
6/14/2011 16:00:00,1272.22,1292.5,1272.22,1287.87,0
6/15/2011 16:00:00,1287.87,1287.87,1261.9,1265.42,0
6/16/2011 16:00:00,1265.53,1274.11,1258.07,1267.64,0
6/17/2011 16:00:00,1268.58,1279.82,1267.4,1271.5,0
6/20/2011 16:00:00,1271.5,1280.42,1267.56,1278.36,0
6/21/2011 16:00:00,1278.4,1297.62,1278.4,1295.52,0
6/22/2011 16:00:00,1295.48,1298.61,1286.79,1287.14,0
6/23/2011 16:00:00,1286.6,1286.6,1262.87,1283.5,0
6/24/2011 16:00:00,1283.04,1283.93,1267.24,1268.45,0
6/27/2011 16:00:00,1268.44,1284.91,1267.53,1280.1,0
6/28/2011 16:00:00,1280.21,1296.8,1280.21,1296.67,0
6/29/2011 16:00:00,1296.85,1309.21,1296.85,1307.41,0
6/30/2011 16:00:00,1307.64,1321.97,1307.64,1320.64,0
7/1/2011 16:00:00,1320.64,1341.01,1318.18,1339.67,0
7/5/2011 16:00:00,1339.59,1340.89,1334.3,1337.88,0
7/6/2011 16:00:00,1337.56,1340.94,1330.92,1339.22,0
7/7/2011 16:00:00,1339.62,1356.48,1339.62,1353.22,0
7/8/2011 16:00:00,1352.39,1352.39,1333.71,1343.8,0
7/11/2011 16:00:00,1343.31,1343.31,1316.42,1319.49,0
7/12/2011 16:00:00,1319.61,1327.17,1313.33,1313.64,0
7/13/2011 16:00:00,1314.45,1331.48,1314.45,1317.72,0
7/14/2011 16:00:00,1317.74,1326.88,1306.51,1308.87,0
7/15/2011 16:00:00,1308.87,1317.7,1307.52,1316.14,0
7/18/2011 16:00:00,1315.94,1315.94,1295.92,1305.44,0
7/19/2011 16:00:00,1307.07,1328.14,1307.07,1326.73,0
7/20/2011 16:00:00,1328.66,1330.43,1323.65,1325.84,0
7/21/2011 16:00:00,1325.65,1347,1325.65,1343.8,0
7/22/2011 16:00:00,1343.8,1346.1,1336.95,1345.02,0
7/25/2011 16:00:00,1344.32,1344.32,1331.09,1337.43,0
7/26/2011 16:00:00,1337.39,1338.51,1329.59,1331.94,0
7/27/2011 16:00:00,1331.91,1331.91,1303.49,1304.89,0
7/28/2011 16:00:00,1304.84,1316.32,1299.16,1300.67,0
7/29/2011 16:00:00,1300.12,1304.16,1282.86,1292.28,0
8/1/2011 16:00:00,1292.59,1307.38,1274.73,1286.94,0
8/2/2011 16:00:00,1286.56,1286.56,1254.03,1254.05,0
8/3/2011 16:00:00,1254.25,1261.2,1234.56,1260.34,0
8/4/2011 16:00:00,1260.23,1260.23,1199.54,1200.07,0
8/5/2011 16:00:00,1200.28,1218.11,1168.09,1199.38,0
8/8/2011 16:00:00,1198.48,1198.48,1119.28,1119.46,0
8/9/2011 16:00:00,1120.23,1172.88,1101.54,1172.53,0
8/10/2011 16:00:00,1171.77,1171.77,1118.01,1120.76,0
8/11/2011 16:00:00,1121.3,1186.29,1121.3,1172.64,0
8/12/2011 16:00:00,1172.87,1189.04,1170.74,1178.81,0
8/15/2011 16:00:00,1178.86,1204.49,1178.86,1204.49,0
8/16/2011 16:00:00,1204.22,1204.22,1180.53,1192.76,0
8/17/2011 16:00:00,1192.89,1208.47,1184.36,1193.88,0
8/18/2011 16:00:00,1189.62,1189.62,1131.03,1140.65,0
8/19/2011 16:00:00,1140.47,1154.54,1122.05,1123.53,0
8/22/2011 16:00:00,1123.55,1145.49,1121.09,1123.82,0
8/23/2011 16:00:00,1124.36,1162.35,1122.91,1162.35,0
8/24/2011 16:00:00,1162.16,1178.56,1156.3,1177.6,0
8/25/2011 16:00:00,1176.69,1190.68,1155.47,1159.27,0
8/26/2011 16:00:00,1158.85,1181.23,1135.91,1176.8,0
8/29/2011 16:00:00,1177.91,1210.28,1177.91,1210.08,0
8/30/2011 16:00:00,1209.76,1220.1,1195.77,1212.92,0
8/31/2011 16:00:00,1213,1230.71,1209.35,1218.89,0
9/1/2011 16:00:00,1219.12,1229.29,1203.85,1204.42,0
9/2/2011 16:00:00,1203.9,1203.9,1170.56,1173.97,0
9/6/2011 16:00:00,1173.97,1173.97,1140.13,1165.24,0
9/7/2011 16:00:00,1165.85,1198.62,1165.85,1198.62,0
9/8/2011 16:00:00,1197.98,1204.4,1183.34,1185.9,0
9/9/2011 16:00:00,1185.37,1185.37,1148.37,1154.23,0
9/12/2011 16:00:00,1153.5,1162.52,1136.07,1162.27,0
9/13/2011 16:00:00,1162.59,1176.41,1157.44,1172.87,0
9/14/2011 16:00:00,1173.32,1202.38,1162.73,1188.68,0
9/15/2011 16:00:00,1189.44,1209.11,1189.44,1209.11,0
9/16/2011 16:00:00,1209.21,1220.06,1204.46,1216.01,0
9/19/2011 16:00:00,1214.99,1214.99,1188.36,1204.09,0
9/20/2011 16:00:00,1204.5,1220.39,1201.29,1202.09,0
9/21/2011 16:00:00,1203.63,1206.3,1166.21,1166.76,0
9/22/2011 16:00:00,1164.55,1164.55,1114.22,1129.56,0
9/23/2011 16:00:00,1128.82,1141.72,1121.36,1136.43,0
9/26/2011 16:00:00,1136.91,1164.19,1131.07,1162.95,0
9/27/2011 16:00:00,1163.32,1195.86,1163.32,1175.38,0
9/28/2011 16:00:00,1175.39,1184.71,1150.4,1151.06,0
9/29/2011 16:00:00,1151.74,1175.87,1139.93,1160.4,0
9/30/2011 16:00:00,1159.93,1159.93,1131.34,1131.42,0
10/3/2011 16:00:00,1131.21,1138.99,1098.92,1099.23,0
10/4/2011 16:00:00,1097.42,1125.12,1074.77,1123.95,0
10/5/2011 16:00:00,1124.03,1146.07,1115.68,1144.04,0
10/6/2011 16:00:00,1144.11,1165.55,1134.95,1164.97,0
10/7/2011 16:00:00,1165.03,1171.4,1150.26,1155.46,0
10/10/2011 16:00:00,1158.15,1194.91,1158.15,1194.89,0
10/11/2011 16:00:00,1194.6,1199.24,1187.3,1195.54,0
10/12/2011 16:00:00,1196.19,1220.25,1196.19,1207.25,0
10/13/2011 16:00:00,1206.96,1207.46,1190.58,1203.66,0
10/14/2011 16:00:00,1205.65,1224.61,1205.65,1224.58,0
10/17/2011 16:00:00,1224.47,1224.47,1198.55,1200.86,0
10/18/2011 16:00:00,1200.75,1233.1,1191.48,1225.38,0
10/19/2011 16:00:00,1223.46,1229.64,1206.31,1209.88,0
10/20/2011 16:00:00,1211.1,1219.53,1197.34,1215.39,0
10/21/2011 16:00:00,1215.39,1239.03,1215.39,1238.25,0
10/24/2011 16:00:00,1238.72,1256.55,1238.72,1254.19,0
10/25/2011 16:00:00,1254.19,1254.19,1226.79,1229.05,0
10/26/2011 16:00:00,1229.17,1246.28,1221.06,1242,0
10/27/2011 16:00:00,1243.97,1292.66,1243.97,1284.59,0
10/28/2011 16:00:00,1284.39,1287.08,1277.01,1285.08,0
10/31/2011 16:00:00,1284.96,1284.96,1253.16,1253.3,0
11/1/2011 16:00:00,1251,1251,1215.42,1218.28,0
11/2/2011 16:00:00,1219.62,1242.48,1219.62,1237.9,0
11/3/2011 16:00:00,1238.25,1263.21,1234.81,1261.15,0
11/4/2011 16:00:00,1260.82,1260.82,1238.92,1253.23,0
11/7/2011 16:00:00,1253.21,1261.7,1240.75,1261.12,0
11/8/2011 16:00:00,1261.12,1277.55,1254.99,1275.92,0
11/9/2011 16:00:00,1275.18,1275.18,1226.64,1229.1,0
11/10/2011 16:00:00,1229.59,1246.22,1227.7,1239.7,0
11/11/2011 16:00:00,1240.12,1266.98,1240.12,1263.85,0
11/14/2011 16:00:00,1263.85,1263.85,1246.68,1251.78,0
11/15/2011 16:00:00,1251.7,1264.25,1244.34,1257.81,0
11/16/2011 16:00:00,1257.81,1259.61,1235.67,1236.91,0
11/17/2011 16:00:00,1236.56,1237.73,1209.43,1216.13,0
11/18/2011 16:00:00,1216.19,1223.51,1211.36,1215.65,0
11/21/2011 16:00:00,1215.62,1215.62,1183.16,1192.98,0
11/22/2011 16:00:00,1192.98,1196.81,1181.65,1188.04,0
11/23/2011 16:00:00,1187.48,1187.48,1161.79,1161.79,0
11/25/2011 16:00:00,1161.41,1172.66,1158.66,1158.67,0
11/28/2011 16:00:00,1158.67,1197.35,1158.67,1192.55,0
11/29/2011 16:00:00,1192.56,1203.67,1191.8,1195.19,0
11/30/2011 16:00:00,1196.72,1247.11,1196.72,1246.96,0
12/1/2011 16:00:00,1246.91,1251.09,1239.73,1244.58,0
12/2/2011 16:00:00,1246.03,1260.08,1243.35,1244.28,0
12/5/2011 16:00:00,1244.33,1266.73,1244.33,1257.08,0
12/6/2011 16:00:00,1257.19,1266.03,1253.03,1258.47,0
12/7/2011 16:00:00,1258.14,1267.06,1244.8,1261.01,0
12/8/2011 16:00:00,1260.87,1260.87,1231.47,1234.35,0
12/9/2011 16:00:00,1234.48,1258.25,1234.48,1255.19,0
12/12/2011 16:00:00,1255.05,1255.05,1227.25,1236.47,0
12/13/2011 16:00:00,1236.83,1249.86,1219.43,1225.73,0
12/14/2011 16:00:00,1225.73,1225.73,1209.47,1211.82,0
12/15/2011 16:00:00,1212.12,1225.6,1212.12,1215.75,0
12/16/2011 16:00:00,1216.09,1231.04,1215.2,1219.66,0
12/19/2011 16:00:00,1219.74,1224.57,1202.37,1205.35,0
12/20/2011 16:00:00,1205.72,1242.82,1205.72,1241.3,0
12/21/2011 16:00:00,1241.25,1245.09,1229.51,1243.72,0
12/22/2011 16:00:00,1243.72,1255.22,1243.72,1254,0
12/23/2011 16:00:00,1254,1265.42,1254,1265.33,0
12/27/2011 16:00:00,1265.02,1269.37,1262.3,1265.43,0
12/28/2011 16:00:00,1265.38,1265.85,1248.64,1249.64,0
12/29/2011 16:00:00,1249.75,1263.54,1249.75,1263.02,0
12/30/2011 16:00:00,1262.82,1264.12,1257.46,1257.6,0
1/3/2012 16:00:00,1258.86,1284.62,1258.86,1277.06,0
1/4/2012 16:00:00,1277.03,1278.73,1268.1,1277.3,0
1/5/2012 16:00:00,1277.3,1283.05,1265.26,1281.06,0
1/6/2012 16:00:00,1280.93,1281.84,1273.34,1277.81,0
1/9/2012 16:00:00,1277.83,1281.99,1274.55,1280.7,0
1/10/2012 16:00:00,1280.77,1296.46,1280.77,1292.08,0
1/11/2012 16:00:00,1292.02,1293.8,1285.41,1292.48,0
1/12/2012 16:00:00,1292.48,1296.82,1285.77,1295.5,0
1/13/2012 16:00:00,1294.82,1294.82,1277.58,1289.09,0
1/17/2012 16:00:00,1290.22,1303,1290.22,1293.67,0
1/18/2012 16:00:00,1293.65,1308.11,1290.99,1308.04,0
1/19/2012 16:00:00,1308.07,1315.49,1308.07,1314.5,0
1/20/2012 16:00:00,1314.49,1315.38,1309.17,1315.38,0
1/23/2012 16:00:00,1315.29,1322.28,1309.89,1316,0
1/24/2012 16:00:00,1315.96,1315.96,1306.06,1314.63,0
1/25/2012 16:00:00,1314.4,1328.3,1307.65,1326.06,0
1/26/2012 16:00:00,1326.28,1333.47,1313.6,1318.45,0
1/27/2012 16:00:00,1318.25,1320.06,1311.72,1316.32,0
1/30/2012 16:00:00,1316.16,1316.16,1300.49,1313.02,0
1/31/2012 16:00:00,1313.53,1321.41,1306.69,1312.4,0
2/1/2012 16:00:00,1312.45,1330.52,1312.45,1324.08,0
2/2/2012 16:00:00,1324.24,1329.19,1321.57,1325.54,0
2/3/2012 16:00:00,1326.21,1345.34,1326.21,1344.9,0
2/6/2012 16:00:00,1344.32,1344.36,1337.52,1344.33,0
2/7/2012 16:00:00,1344.33,1349.24,1335.92,1347.05,0
2/8/2012 16:00:00,1347.04,1351,1341.95,1349.96,0
2/9/2012 16:00:00,1349.97,1354.32,1344.63,1351.95,0
2/10/2012 16:00:00,1351.21,1351.21,1337.35,1342.64,0
2/13/2012 16:00:00,1343.06,1353.35,1343.06,1351.77,0
2/14/2012 16:00:00,1351.3,1351.3,1340.83,1350.5,0
2/15/2012 16:00:00,1350.52,1355.87,1340.8,1343.23,0
2/16/2012 16:00:00,1342.61,1359.02,1341.22,1358.04,0
2/17/2012 16:00:00,1358.06,1363.4,1357.24,1361.23,0
2/21/2012 16:00:00,1361.22,1367.76,1358.11,1362.21,0
2/22/2012 16:00:00,1362.11,1362.7,1355.53,1357.66,0
2/23/2012 16:00:00,1357.53,1364.24,1352.28,1363.46,0
2/24/2012 16:00:00,1363.46,1368.92,1363.46,1365.74,0
2/27/2012 16:00:00,1365.2,1371.94,1354.92,1367.59,0
2/28/2012 16:00:00,1367.56,1373.09,1365.97,1372.18,0
2/29/2012 16:00:00,1372.2,1378.04,1363.81,1365.68,0
3/1/2012 16:00:00,1365.9,1376.17,1365.9,1374.09,0
3/2/2012 16:00:00,1374.09,1374.53,1366.42,1369.63,0
3/5/2012 16:00:00,1369.59,1369.59,1359.13,1364.33,0
3/6/2012 16:00:00,1363.63,1363.63,1340.03,1343.36,0
3/7/2012 16:00:00,1343.39,1354.85,1343.39,1352.63,0
3/8/2012 16:00:00,1352.65,1368.72,1352.65,1365.91,0
3/9/2012 16:00:00,1365.97,1374.76,1365.97,1370.87,0
3/12/2012 16:00:00,1370.78,1373.04,1366.69,1371.09,0
3/13/2012 16:00:00,1371.92,1396.13,1371.92,1395.96,0
3/14/2012 16:00:00,1395.95,1399.42,1389.97,1394.28,0
3/15/2012 16:00:00,1394.17,1402.63,1392.78,1402.6,0
3/16/2012 16:00:00,1402.55,1405.88,1401.47,1404.17,0
3/19/2012 16:00:00,1404.17,1414,1402.43,1409.75,0
3/20/2012 16:00:00,1409.59,1409.59,1397.68,1405.52,0
3/21/2012 16:00:00,1405.52,1407.75,1400.64,1402.89,0
3/22/2012 16:00:00,1402.89,1402.89,1388.73,1392.78,0
3/23/2012 16:00:00,1392.78,1399.18,1386.87,1397.11,0
3/26/2012 16:00:00,1397.11,1416.58,1397.11,1416.51,0
3/27/2012 16:00:00,1416.55,1419.15,1411.95,1412.52,0
3/28/2012 16:00:00,1412.52,1413.65,1397.2,1405.54,0
3/29/2012 16:00:00,1405.39,1405.39,1391.56,1403.28,0
3/30/2012 16:00:00,1403.31,1410.89,1401.42,1408.47,0
4/2/2012 16:00:00,1408.47,1422.38,1404.46,1418.9,0
4/3/2012 16:00:00,1418.98,1419,1404.62,1413.31,0
4/4/2012 16:00:00,1413.09,1413.09,1394.09,1398.96,0
4/5/2012 16:00:00,1398.79,1401.6,1392.92,1398.08,0
4/9/2012 16:00:00,1397.45,1397.45,1378.24,1382.2,0
4/10/2012 16:00:00,1382.18,1383.01,1357.38,1358.59,0
4/11/2012 16:00:00,1358.98,1374.71,1358.98,1368.71,0
4/12/2012 16:00:00,1368.77,1388.13,1368.77,1387.57,0
4/13/2012 16:00:00,1387.61,1387.61,1369.85,1370.26,0
4/16/2012 16:00:00,1370.27,1379.66,1365.38,1369.57,0
4/17/2012 16:00:00,1369.57,1392.76,1369.57,1390.78,0
4/18/2012 16:00:00,1390.78,1390.78,1383.29,1385.14,0
4/19/2012 16:00:00,1385.08,1390.46,1370.3,1376.92,0
4/20/2012 16:00:00,1376.96,1387.4,1376.96,1378.53,0
4/23/2012 16:00:00,1378.53,1378.53,1358.79,1366.94,0
4/24/2012 16:00:00,1366.97,1375.57,1366.82,1371.97,0
4/25/2012 16:00:00,1372.11,1391.37,1372.11,1390.69,0
4/26/2012 16:00:00,1390.64,1402.09,1387.28,1399.98,0
4/27/2012 16:00:00,1400.19,1406.64,1397.31,1403.36,0
4/30/2012 16:00:00,1403.26,1403.26,1394,1397.91,0
5/1/2012 16:00:00,1397.86,1415.32,1395.73,1405.82,0
5/2/2012 16:00:00,1397.86,1415.32,1395.73,1402.31,0
5/3/2012 16:00:00,1402.32,1403.07,1388.71,1391.57,0
5/4/2012 16:00:00,1391.51,1391.51,1367.96,1369.1,0
5/7/2012 16:00:00,1368.79,1373.91,1363.94,1369.58,0
5/8/2012 16:00:00,1369.16,1369.16,1347.75,1363.72,0
5/9/2012 16:00:00,1363.2,1363.73,1343.13,1354.58,0
5/10/2012 16:00:00,1354.58,1365.88,1354.58,1357.99,0
5/11/2012 16:00:00,1358.11,1365.66,1348.89,1353.39,0
5/14/2012 16:00:00,1351.93,1351.93,1336.61,1338.35,0
5/15/2012 16:00:00,1338.36,1344.94,1328.41,1330.66,0
5/16/2012 16:00:00,1330.78,1341.78,1324.79,1324.8,0
5/17/2012 16:00:00,1324.82,1326.36,1304.86,1304.86,0
5/18/2012 16:00:00,1305.05,1312.24,1291.98,1295.22,0
5/21/2012 16:00:00,1295.73,1316.39,1295.73,1315.99,0
5/22/2012 16:00:00,1316.09,1328.49,1310.04,1316.63,0
5/23/2012 16:00:00,1316.02,1320.71,1296.53,1318.86,0
5/24/2012 16:00:00,1318.72,1324.14,1310.5,1320.68,0
5/25/2012 16:00:00,1320.81,1324.2,1314.23,1317.82,0
5/29/2012 16:00:00,1318.9,1334.93,1318.9,1332.42,0
5/30/2012 16:00:00,1331.25,1331.25,1310.76,1313.32,0
5/31/2012 16:00:00,1313.09,1319.74,1298.9,1310.33,0
6/1/2012 16:00:00,1309.87,1309.87,1277.25,1278.04,0
6/4/2012 16:00:00,1278.29,1282.55,1266.74,1278.18,0
6/5/2012 16:00:00,1277.82,1287.62,1274.16,1285.5,0
6/6/2012 16:00:00,1285.61,1315.13,1285.61,1315.13,0
6/7/2012 16:00:00,1316.15,1329.05,1312.68,1314.99,0
6/8/2012 16:00:00,1314.99,1325.81,1307.77,1325.66,0
6/11/2012 16:00:00,1325.72,1335.52,1307.73,1308.93,0
6/12/2012 16:00:00,1309.4,1324.31,1306.62,1324.18,0
6/13/2012 16:00:00,1324.02,1327.28,1310.51,1314.88,0
6/14/2012 16:00:00,1314.88,1333.68,1314.14,1329.1,0
6/15/2012 16:00:00,1329.19,1343.32,1329.19,1342.84,0
6/18/2012 16:00:00,1342.42,1348.22,1334.46,1344.78,0
6/19/2012 16:00:00,1344.83,1363.46,1344.83,1357.98,0
6/20/2012 16:00:00,1358.04,1361.57,1346.45,1355.69,0
6/21/2012 16:00:00,1355.43,1358.27,1324.41,1325.51,0
6/22/2012 16:00:00,1325.92,1337.82,1325.92,1335.02,0
6/25/2012 16:00:00,1334.9,1334.9,1309.27,1313.72,0
6/26/2012 16:00:00,1314.09,1324.24,1310.3,1319.99,0
6/27/2012 16:00:00,1320.71,1334.4,1320.71,1331.85,0
6/28/2012 16:00:00,1331.52,1331.52,1313.29,1329.04,0
6/29/2012 16:00:00,1330.12,1362.17,1330.12,1362.16,0
7/2/2012 16:00:00,1362.33,1366.35,1355.7,1365.51,0
7/3/2012 16:00:00,1365.75,1374.81,1363.53,1374.02,0
7/4/2012 16:00:00,1374.02,1374.02,1374.02,1374.02,0
7/5/2012 16:00:00,1373.72,1373.85,1363.02,1367.58,0
7/6/2012 16:00:00,1367.09,1367.09,1348.03,1354.68,0
7/9/2012 16:00:00,1354.66,1354.87,1346.65,1352.46,0
7/10/2012 16:00:00,1352.96,1361.54,1336.27,1341.47,0
7/11/2012 16:00:00,1341.4,1345,1333.25,1341.45,0
7/12/2012 16:00:00,1341.29,1341.29,1325.41,1334.76,0
7/13/2012 16:00:00,1334.81,1357.7,1334.81,1356.78,0
7/16/2012 16:00:00,1356.5,1357.26,1348.51,1353.64,0
7/17/2012 16:00:00,1353.68,1365.36,1345.07,1363.67,0
7/18/2012 16:00:00,1363.58,1375.26,1358.96,1372.78,0
7/19/2012 16:00:00,1373.01,1380.39,1371.21,1376.51,0
7/20/2012 16:00:00,1376.51,1376.51,1362.19,1362.66,0
7/23/2012 16:00:00,1362.34,1362.34,1337.56,1350.52,0
7/24/2012 16:00:00,1350.52,1351.53,1329.24,1338.31,0
7/25/2012 16:00:00,1338.35,1343.98,1331.5,1337.89,0
7/26/2012 16:00:00,1338.17,1363.13,1338.17,1360.02,0
7/27/2012 16:00:00,1360.05,1389.19,1360.05,1385.97,0
7/30/2012 16:00:00,1385.94,1391.74,1381.37,1385.3,0
7/31/2012 16:00:00,1385.27,1387.16,1379.17,1379.32,0
8/1/2012 16:00:00,1379.32,1385.03,1373.35,1375.32,0
8/2/2012 16:00:00,1375.13,1375.13,1354.65,1365,0
8/3/2012 16:00:00,1365.45,1394.16,1365.45,1390.99,0
8/6/2012 16:00:00,1391.04,1399.63,1391.04,1394.23,0
8/7/2012 16:00:00,1394.46,1407.14,1394.46,1401.35,0
8/8/2012 16:00:00,1401.23,1404.14,1396.13,1402.22,0
8/9/2012 16:00:00,1402.26,1405.95,1398.8,1402.8,0
8/10/2012 16:00:00,1402.58,1405.98,1395.62,1405.87,0
8/13/2012 16:00:00,1405.87,1405.87,1397.32,1404.11,0
8/14/2012 16:00:00,1404.36,1410.03,1400.6,1403.93,0
8/15/2012 16:00:00,1403.89,1407.73,1401.83,1405.53,0
8/16/2012 16:00:00,1405.57,1417.44,1404.15,1415.51,0
8/17/2012 16:00:00,1415.84,1418.71,1414.67,1418.16,0
8/20/2012 16:00:00,1417.85,1418.13,1412.12,1418.13,0
8/21/2012 16:00:00,1418.13,1426.68,1410.86,1413.17,0
8/22/2012 16:00:00,1413.09,1416.12,1406.78,1413.49,0
8/23/2012 16:00:00,1413.49,1413.49,1400.5,1402.08,0
8/24/2012 16:00:00,1401.99,1413.46,1398.04,1411.13,0
8/27/2012 16:00:00,1411.13,1416.17,1409.11,1410.44,0
8/28/2012 16:00:00,1410.44,1413.63,1405.59,1409.3,0
8/29/2012 16:00:00,1409.32,1413.95,1406.57,1410.49,0
8/30/2012 16:00:00,1410.08,1410.08,1397.01,1399.48,0
8/31/2012 16:00:00,1400.07,1413.09,1398.96,1406.58,0
9/3/2012 16:00:00,1406.58,1406.58,1406.58,1406.58,0
9/4/2012 16:00:00,1406.54,1409.31,1396.56,1404.94,0
9/5/2012 16:00:00,1404.94,1408.81,1401.25,1403.44,0
9/6/2012 16:00:00,1403.74,1432.12,1403.74,1432.12,0
9/7/2012 16:00:00,1432.12,1437.92,1431.45,1437.92,0
9/10/2012 16:00:00,1437.92,1438.74,1428.98,1429.08,0
9/11/2012 16:00:00,1429.13,1437.76,1429.13,1433.56,0
9/12/2012 16:00:00,1433.56,1439.15,1432.99,1436.56,0
9/13/2012 16:00:00,1436.56,1463.76,1435.34,1459.99,0
9/14/2012 16:00:00,1460.07,1474.51,1460.07,1465.77,0
9/17/2012 16:00:00,1465.42,1465.63,1457.55,1461.19,0
9/18/2012 16:00:00,1461.19,1461.47,1456.13,1459.32,0
9/19/2012 16:00:00,1459.5,1465.15,1457.88,1461.05,0
9/20/2012 16:00:00,1461.05,1461.23,1449.98,1460.26,0
9/21/2012 16:00:00,1460.34,1467.07,1459.51,1460.15,0
9/24/2012 16:00:00,1459.76,1460.72,1452.06,1456.89,0
9/25/2012 16:00:00,1456.94,1463.24,1441.59,1441.59,0
9/26/2012 16:00:00,1441.6,1441.6,1430.53,1433.32,0
9/27/2012 16:00:00,1433.36,1450.2,1433.36,1447.15,0
9/28/2012 16:00:00,1447.13,1447.13,1435.6,1440.67,0
10/1/2012 16:00:00,1440.9,1457.14,1440.9,1444.49,0
10/2/2012 16:00:00,1444.99,1451.52,1439.01,1445.75,0
10/3/2012 16:00:00,1446.05,1454.3,1441.99,1450.99,0
10/4/2012 16:00:00,1451.08,1463.14,1451.08,1461.4,0
10/5/2012 16:00:00,1461.4,1470.96,1456.89,1460.93,0
10/8/2012 16:00:00,1460.93,1460.93,1453.1,1455.88,0
10/9/2012 16:00:00,1455.9,1455.9,1441.18,1441.48,0
10/10/2012 16:00:00,1441.48,1442.52,1430.64,1432.56,0
10/11/2012 16:00:00,1432.82,1443.9,1432.82,1432.84,0
10/12/2012 16:00:00,1432.84,1438.43,1425.53,1428.59,0
10/15/2012 16:00:00,1428.75,1441.31,1427.24,1440.13,0
10/16/2012 16:00:00,1440.31,1455.51,1440.31,1454.92,0
10/17/2012 16:00:00,1454.22,1462.2,1453.35,1460.91,0
10/18/2012 16:00:00,1460.94,1464.02,1452.63,1457.34,0
10/19/2012 16:00:00,1457.34,1457.34,1429.85,1433.19,0
10/22/2012 16:00:00,1433.21,1435.46,1422.06,1433.82,0
10/23/2012 16:00:00,1433.74,1433.74,1407.56,1413.11,0
10/24/2012 16:00:00,1413.2,1420.04,1407.1,1408.75,0
10/25/2012 16:00:00,1409.74,1421.12,1405.14,1412.97,0
10/26/2012 16:00:00,1412.97,1417.09,1403.28,1411.94,0
10/29/2012 16:00:00,1411.94,1411.94,1411.94,1411.94,0
10/30/2012 16:00:00,1411.94,1411.94,1411.94,1411.94,0
10/31/2012 16:00:00,1410.99,1418.76,1405.95,1412.16,0
11/1/2012 16:00:00,1412.2,1428.35,1412.2,1427.59,0
11/2/2012 16:00:00,1427.59,1434.27,1412.91,1414.2,0
11/5/2012 16:00:00,1414.02,1419.9,1408.13,1417.26,0
11/6/2012 16:00:00,1417.26,1433.38,1417.26,1428.39,0
11/7/2012 16:00:00,1428.27,1428.27,1388.14,1394.53,0
11/8/2012 16:00:00,1394.53,1401.23,1377.51,1377.51,0
11/9/2012 16:00:00,1377.55,1391.39,1373.03,1379.85,0
11/12/2012 16:00:00,1379.86,1384.87,1377.19,1380.03,0
11/13/2012 16:00:00,1380.03,1388.81,1371.39,1374.53,0
11/14/2012 16:00:00,1374.64,1380.13,1352.5,1355.49,0
11/15/2012 16:00:00,1355.41,1360.62,1348.05,1353.33,0
11/16/2012 16:00:00,1353.36,1362.03,1343.35,1359.88,0
11/19/2012 16:00:00,1359.88,1386.89,1359.88,1386.89,0
11/20/2012 16:00:00,1386.82,1388.13,1380.83,1384.53,0
11/21/2012 16:00:00,1387.79,1391.25,1386.39,1391.03,0
11/22/2012 16:00:00,1391.03,1391.03,1391.03,1391.03,0
11/23/2012 16:00:00,1391.03,1409.16,1391.03,1409.15,0
11/26/2012 16:00:00,1409.15,1409.15,1397.68,1406.29,0
11/27/2012 16:00:00,1406.29,1409.01,1398.03,1398.94,0
11/28/2012 16:00:00,1398.77,1410.31,1385.43,1409.93,0
11/29/2012 16:00:00,1409.96,1419.7,1409.04,1415.95,0
11/30/2012 16:00:00,1416.18,1416.18,1416.18,1416.18,0
12/3/2012 16:00:00,1418.33,1418.33,1408.46,1409.46,0
12/4/2012 16:00:00,1409.46,1413.14,1403.65,1407.05,0
12/5/2012 16:00:00,1407.05,1415.56,1398.23,1409.28,0
12/6/2012 16:00:00,1409.43,1413.95,1405.93,1413.94,0
12/7/2012 16:00:00,1413.95,1420.34,1410.9,1418.07,0
12/10/2012 16:00:00,1418.07,1421.64,1415.64,1418.55,0
12/11/2012 16:00:00,1418.55,1434.27,1418.55,1427.84,0
12/12/2012 16:00:00,1427.84,1438.59,1426.76,1428.48,0
12/13/2012 16:00:00,1428.48,1431.36,1416,1419.45,0
12/14/2012 16:00:00,1419.45,1419.45,1411.88,1413.58,0
12/17/2012 16:00:00,1413.54,1430.67,1413.54,1430.36,0
12/18/2012 16:00:00,1430.47,1448,1430.47,1446.79,0
12/19/2012 16:00:00,1446.79,1447.75,1435.8,1435.81,0
12/20/2012 16:00:00,1435.81,1443.7,1432.82,1443.69,0
12/21/2012 16:00:00,1443.67,1443.67,1422.58,1430.15,0
12/24/2012 16:00:00,1430.15,1430.15,1424.66,1426.66,0
12/25/2012 16:00:00,1426.66,1426.66,1426.66,1426.66,0
12/26/2012 16:00:00,1426.66,1429.42,1416.43,1419.83,0
12/27/2012 16:00:00,1419.83,1422.8,1401.8,1418.09,0
12/28/2012 16:00:00,1418.1,1418.1,1401.58,1402.43,0
12/31/2012 16:00:00,1426.19,1426.19,1426.19,1426.19,0
1/1/2013 16:00:00,1426.19,1426.19,1426.19,1426.19,0
1/2/2013 16:00:00,1426.19,1462.43,1426.19,1462.42,0
1/3/2013 16:00:00,1462.42,1465.47,1455.53,1459.37,0
1/4/2013 16:00:00,1459.37,1467.94,1458.99,1466.47,0
1/7/2013 16:00:00,1466.47,1466.47,1456.62,1461.89,0
1/8/2013 16:00:00,1461.89,1461.89,1451.64,1457.15,0
1/9/2013 16:00:00,1457.15,1464.73,1457.15,1461.02,0
1/10/2013 16:00:00,1461.02,1472.3,1461.02,1472.12,0
1/11/2013 16:00:00,1472.12,1472.75,1467.58,1472.05,0
1/14/2013 16:00:00,1472.05,1472.05,1465.69,1470.68,0
1/15/2013 16:00:00,1470.67,1473.31,1463.76,1472.34,0
1/16/2013 16:00:00,1472.33,1473.96,1467.6,1472.63,0
1/17/2013 16:00:00,1472.63,1485.16,1472.63,1480.94,0
1/18/2013 16:00:00,1480.95,1485.98,1475.81,1485.98,0
1/21/2013 16:00:00,1485.98,1485.98,1485.98,1485.98,0
1/22/2013 16:00:00,1485.98,1492.56,1481.16,1492.56,0
1/23/2013 16:00:00,1492.56,1496.13,1489.9,1494.81,0
1/24/2013 16:00:00,1494.81,1502.27,1489.46,1494.82,0
1/25/2013 16:00:00,1494.82,1503.26,1494.82,1502.96,0
1/28/2013 16:00:00,1502.96,1503.23,1496.33,1500.18,0
1/29/2013 16:00:00,1500.18,1509.35,1498.09,1507.84,0
1/30/2013 16:00:00,1507.84,1509.94,1500.11,1501.96,0
1/31/2013 16:00:00,1501.96,1504.19,1496.76,1498.11,0
2/1/2013 16:00:00,1498.11,1514.41,1498.11,1513.17,0
2/4/2013 16:00:00,1513.17,1513.17,1495.02,1495.71,0
2/5/2013 16:00:00,1495.71,1514.96,1495.71,1511.29,0
2/6/2013 16:00:00,1511.29,1512.53,1504.71,1512.12,0
2/7/2013 16:00:00,1512.12,1512.9,1498.49,1509.39,0
2/8/2013 16:00:00,1509.39,1518.31,1509.39,1517.93,0
2/11/2013 16:00:00,1517.93,1518.31,1513.61,1517.01,0
2/12/2013 16:00:00,1517.01,1522.29,1515.61,1519.43,0
2/13/2013 16:00:00,1519.43,1524.69,1515.93,1520.33,0
2/14/2013 16:00:00,1520.33,1523.14,1514.02,1521.38,0
2/15/2013 16:00:00,1521.38,1524.24,1514.14,1519.79,0
2/19/2013 16:00:00,1519.79,1530.94,1519.79,1530.94,0
2/20/2013 16:00:00,1530.94,1530.94,1511.41,1511.95,0
2/21/2013 16:00:00,1511.95,1511.95,1497.29,1502.42,0
2/22/2013 16:00:00,1502.42,1515.64,1502.42,1515.6,0
2/25/2013 16:00:00,1515.6,1525.84,1487.85,1487.85,0
2/26/2013 16:00:00,1487.85,1498.99,1485.01,1496.94,0
2/27/2013 16:00:00,1496.94,1520.08,1494.88,1515.99,0
2/28/2013 16:00:00,1515.99,1525.34,1514.46,1514.68,0
3/1/2013 16:00:00,1514.68,1519.99,1501.48,1518.2,0
3/4/2013 16:00:00,1518.2,1525.27,1512.29,1525.2,0
3/5/2013 16:00:00,1525.2,1543.47,1525.2,1539.79,0
3/6/2013 16:00:00,1539.79,1545.25,1538.11,1541.46,0
3/7/2013 16:00:00,1541.46,1545.78,1541.46,1544.26,0
3/8/2013 16:00:00,1544.26,1552.48,1542.94,1551.18,0
3/11/2013 16:00:00,1551.15,1556.27,1547.36,1556.22,0
3/12/2013 16:00:00,1556.22,1556.77,1548.24,1552.48,0
3/13/2013 16:00:00,1552.48,1556.39,1548.25,1554.52,0
3/14/2013 16:00:00,1554.52,1563.32,1554.52,1563.23,0
3/15/2013 16:00:00,1563.21,1563.62,1555.74,1560.7,0
3/18/2013 16:00:00,1560.7,1560.7,1545.13,1552.1,0
3/19/2013 16:00:00,1552.1,1557.25,1538.57,1548.34,0
3/20/2013 16:00:00,1548.34,1561.56,1548.34,1558.71,0
3/21/2013 16:00:00,1558.71,1558.71,1543.55,1545.8,0
3/22/2013 16:00:00,1545.9,1557.74,1545.9,1556.89,0
3/25/2013 16:00:00,1556.89,1564.91,1546.22,1551.69,0
3/26/2013 16:00:00,1551.69,1563.95,1551.69,1563.77,0
3/27/2013 16:00:00,1563.75,1564.07,1551.9,1562.85,0
3/28/2013 16:00:00,1562.86,1570.28,1561.08,1569.19,0
4/1/2013 16:00:00,1569.18,1570.57,1558.47,1562.17,0
4/2/2013 16:00:00,1562.17,1573.66,1562.17,1570.25,0
4/3/2013 16:00:00,1570.25,1571.47,1549.8,1553.69,0
4/4/2013 16:00:00,1553.69,1562.6,1552.52,1559.98,0
4/5/2013 16:00:00,1559.98,1559.98,1539.5,1553.28,0
4/8/2013 16:00:00,1553.26,1563.07,1548.63,1563.07,0
4/9/2013 16:00:00,1563.11,1573.89,1560.92,1568.61,0
4/10/2013 16:00:00,1568.61,1589.07,1568.61,1587.73,0
4/11/2013 16:00:00,1587.73,1597.35,1586.17,1593.37,0
4/12/2013 16:00:00,1593.3,1593.3,1579.97,1588.85,0
4/15/2013 16:00:00,1588.84,1588.84,1552.28,1552.36,0
4/16/2013 16:00:00,1552.36,1575.35,1552.36,1574.57,0
4/17/2013 16:00:00,1574.57,1574.57,1543.69,1552.01,0
4/18/2013 16:00:00,1552.03,1554.38,1536.03,1541.61,0
4/19/2013 16:00:00,1541.61,1555.89,1539.4,1555.25,0
4/22/2013 16:00:00,1555.25,1565.55,1548.19,1562.5,0
4/23/2013 16:00:00,1562.5,1579.58,1562.5,1578.78,0
4/24/2013 16:00:00,1578.78,1583,1575.8,1578.79,0
4/25/2013 16:00:00,1578.93,1592.64,1578.93,1585.16,0
4/26/2013 16:00:00,1585.16,1585.78,1577.56,1582.24,0
4/29/2013 16:00:00,1582.34,1596.65,1582.34,1593.61,0
4/30/2013 16:00:00,1593.58,1597.57,1586.5,1597.57,0
5/1/2013 16:00:00,1597.55,1597.55,1581.28,1582.7,0
5/2/2013 16:00:00,1582.77,1598.6,1582.77,1597.59,0
5/3/2013 16:00:00,1597.6,1618.46,1597.6,1614.42,0
5/6/2013 16:00:00,1614.4,1619.77,1614.21,1617.5,0
5/7/2013 16:00:00,1617.55,1626.03,1616.64,1625.96,0
5/8/2013 16:00:00,1625.95,1632.78,1622.7,1632.69,0
5/9/2013 16:00:00,1632.69,1635.01,1623.09,1626.67,0
5/10/2013 16:00:00,1626.69,1633.7,1623.71,1633.7,0
5/13/2013 16:00:00,1632.1,1636,1626.74,1633.77,0
5/14/2013 16:00:00,1633.75,1651.1,1633.75,1650.34,0
5/15/2013 16:00:00,1649.13,1661.49,1646.68,1658.78,0
5/16/2013 16:00:00,1658.07,1660.51,1648.6,1650.47,0
5/17/2013 16:00:00,1652.45,1667.38,1652.45,1666.12,0
5/20/2013 16:00:00,1665.71,1672.84,1663.52,1666.29,0
5/21/2013 16:00:00,1666.2,1674.93,1662.67,1669.16,0
5/22/2013 16:00:00,1669.39,1687.18,1648.86,1655.35,0
5/23/2013 16:00:00,1651.62,1655.5,1635.53,1650.51,0
5/24/2013 16:00:00,1646.67,1649.78,1636.88,1649.6,0
5/28/2013 16:00:00,1652.63,1674.21,1652.63,1660.06,0
5/29/2013 16:00:00,1656.57,1656.57,1640.05,1648.36,0
5/30/2013 16:00:00,1649.14,1661.91,1648.61,1654.41,0
5/31/2013 16:00:00,1652.13,1658.99,1630.74,1630.74,0
6/3/2013 16:00:00,1631.71,1640.42,1622.72,1640.42,0
6/4/2013 16:00:00,1640.73,1646.53,1623.62,1631.38,0
6/5/2013 16:00:00,1629.05,1629.31,1607.09,1608.9,0
6/6/2013 16:00:00,1609.29,1622.56,1598.23,1622.56,0
6/7/2013 16:00:00,1625.27,1644.4,1625.27,1643.38,0
6/10/2013 16:00:00,1644.67,1648.69,1639.26,1642.81,0
6/11/2013 16:00:00,1638.64,1640.13,1622.92,1626.13,0
6/12/2013 16:00:00,1629.94,1637.71,1610.92,1612.52,0
6/13/2013 16:00:00,1612.15,1639.25,1608.07,1636.36,0
6/14/2013 16:00:00,1635.52,1640.8,1623.96,1626.73,0
6/17/2013 16:00:00,1630.64,1646.5,1630.34,1639.04,0
6/18/2013 16:00:00,1639.77,1654.19,1639.77,1651.81,0
6/19/2013 16:00:00,1651.83,1652.45,1628.91,1628.93,0
6/20/2013 16:00:00,1624.62,1624.62,1584.32,1588.19,0
6/21/2013 16:00:00,1588.62,1599.19,1577.7,1592.43,0
6/24/2013 16:00:00,1588.77,1588.77,1560.33,1573.09,0
6/25/2013 16:00:00,1577.52,1593.79,1577.09,1588.03,0
6/26/2013 16:00:00,1592.27,1606.83,1592.27,1603.26,0
6/27/2013 16:00:00,1606.44,1620.07,1606.44,1613.2,0
6/28/2013 16:00:00,1611.12,1615.94,1601.06,1606.28,0
7/1/2013 16:00:00,1609.78,1626.61,1609.78,1614.96,0
7/2/2013 16:00:00,1614.29,1624.26,1606.77,1614.08,0
7/3/2013 16:00:00,1611.48,1618.97,1604.57,1615.41,0
7/5/2013 16:00:00,1618.65,1632.07,1614.71,1631.89,0
7/8/2013 16:00:00,1634.2,1644.68,1634.2,1640.46,0
7/9/2013 16:00:00,1642.89,1654.18,1642.89,1652.32,0
7/10/2013 16:00:00,1651.56,1657.92,1647.66,1652.62,0
7/11/2013 16:00:00,1657.41,1676.63,1657.41,1675.02,0
7/12/2013 16:00:00,1675.26,1680.19,1672.33,1680.19,0
7/15/2013 16:00:00,1679.59,1684.51,1677.89,1682.5,0
7/16/2013 16:00:00,1682.7,1683.73,1671.84,1676.26,0
7/17/2013 16:00:00,1677.91,1684.75,1677.91,1680.91,0
7/18/2013 16:00:00,1681.05,1693.12,1681.05,1689.37,0
7/19/2013 16:00:00,1686.15,1692.09,1684.08,1692.09,0
7/22/2013 16:00:00,1694.41,1697.61,1690.67,1695.53,0
7/23/2013 16:00:00,1696.63,1698.78,1691.13,1692.39,0
7/24/2013 16:00:00,1696.06,1698.38,1682.57,1685.94,0
7/25/2013 16:00:00,1685.21,1690.94,1680.07,1690.25,0
7/26/2013 16:00:00,1687.31,1691.85,1676.03,1691.65,0
7/29/2013 16:00:00,1690.32,1690.92,1681.86,1685.33,0
7/30/2013 16:00:00,1687.92,1693.19,1682.42,1685.96,0
7/31/2013 16:00:00,1687.76,1698.43,1684.94,1685.73,0
8/1/2013 16:00:00,1689.42,1707.85,1689.42,1706.87,0
8/2/2013 16:00:00,1706.1,1709.67,1700.68,1709.67,0
8/5/2013 16:00:00,1708.01,1709.24,1703.55,1707.14,0
8/6/2013 16:00:00,1705.79,1705.79,1693.29,1697.37,0
8/7/2013 16:00:00,1695.3,1695.3,1684.91,1690.91,0
8/8/2013 16:00:00,1693.35,1700.18,1688.38,1697.48,0
8/9/2013 16:00:00,1696.1,1699.42,1686.02,1691.42,0
8/12/2013 16:00:00,1688.37,1691.49,1683.35,1689.47,0
8/13/2013 16:00:00,1690.65,1696.81,1682.62,1694.16,0
8/14/2013 16:00:00,1693.88,1695.52,1684.83,1685.39,0
8/15/2013 16:00:00,1679.61,1679.61,1658.59,1661.32,0
8/16/2013 16:00:00,1661.22,1663.6,1652.61,1655.83,0
8/19/2013 16:00:00,1655.25,1659.18,1645.84,1646.06,0
8/20/2013 16:00:00,1646.81,1658.92,1646.08,1652.35,0
8/21/2013 16:00:00,1650.66,1656.99,1639.43,1642.8,0
8/22/2013 16:00:00,1645.03,1659.55,1645.03,1656.96,0
8/23/2013 16:00:00,1659.92,1664.85,1654.81,1663.5,0
8/26/2013 16:00:00,1664.29,1669.51,1656.02,1656.78,0
8/27/2013 16:00:00,1652.54,1652.54,1629.05,1630.48,0
8/28/2013 16:00:00,1630.25,1641.18,1627.47,1634.96,0
8/29/2013 16:00:00,1633.5,1646.41,1630.88,1638.17,0
8/30/2013 16:00:00,1638.89,1640.08,1628.05,1632.97,0
9/3/2013 16:00:00,1635.95,1651.35,1633.41,1639.77,0
9/4/2013 16:00:00,1640.72,1655.72,1637.41,1653.08,0
9/5/2013 16:00:00,1653.28,1659.17,1653.07,1655.08,0
9/6/2013 16:00:00,1657.44,1664.83,1640.62,1655.17,0
9/9/2013 16:00:00,1656.85,1672.4,1656.85,1671.71,0
9/10/2013 16:00:00,1674.32,1684.09,1674.32,1683.99,0
9/11/2013 16:00:00,1681.04,1689.13,1678.7,1689.13,0
9/12/2013 16:00:00,1689.21,1689.97,1681.96,1683.42,0
9/13/2013 16:00:00,1685.04,1688.73,1682.22,1687.99,0
9/16/2013 16:00:00,1691.7,1704.95,1691.7,1697.6,0
9/17/2013 16:00:00,1697.73,1705.52,1697.73,1704.76,0
9/18/2013 16:00:00,1705.74,1729.44,1700.35,1725.52,0
9/19/2013 16:00:00,1727.34,1729.86,1720.2,1722.34,0
9/20/2013 16:00:00,1722.44,1725.23,1708.89,1709.91,0
9/23/2013 16:00:00,1711.44,1711.44,1697.1,1701.84,0
9/24/2013 16:00:00,1702.6,1707.63,1694.9,1697.42,0
9/25/2013 16:00:00,1698.02,1701.71,1691.88,1692.77,0
9/26/2013 16:00:00,1694.05,1703.85,1693.11,1698.67,0
9/27/2013 16:00:00,1695.52,1695.52,1687.11,1691.75,0
9/30/2013 16:00:00,1687.26,1687.26,1674.99,1681.55,0
10/1/2013 16:00:00,1682.41,1696.55,1682.07,1695,0
10/2/2013 16:00:00,1691.9,1693.87,1680.34,1693.87,0
10/3/2013 16:00:00,1692.35,1692.35,1670.36,1678.66,0
10/4/2013 16:00:00,1678.79,1691.94,1677.33,1690.5,0
10/7/2013 16:00:00,1687.15,1687.15,1674.7,1676.12,0
10/8/2013 16:00:00,1676.22,1676.79,1655.03,1655.45,0
10/9/2013 16:00:00,1656.99,1662.47,1646.47,1656.4,0
10/10/2013 16:00:00,1660.88,1692.56,1660.88,1692.56,0
10/11/2013 16:00:00,1691.09,1703.44,1688.52,1703.2,0
10/14/2013 16:00:00,1699.86,1711.03,1692.13,1710.14,0
10/15/2013 16:00:00,1709.17,1711.57,1695.93,1698.06,0
10/16/2013 16:00:00,1700.49,1721.76,1700.49,1721.54,0
10/17/2013 16:00:00,1720.17,1733.45,1714.12,1733.15,0
10/18/2013 16:00:00,1736.72,1745.31,1735.74,1744.5,0
10/21/2013 16:00:00,1745.2,1747.79,1740.67,1744.66,0
10/22/2013 16:00:00,1746.48,1759.33,1746.48,1754.67,0
10/23/2013 16:00:00,1752.27,1752.27,1740.5,1746.38,0
10/24/2013 16:00:00,1747.48,1753.94,1745.5,1752.07,0
10/25/2013 16:00:00,1756.01,1759.82,1752.45,1759.77,0
10/28/2013 16:00:00,1759.42,1764.99,1757.67,1762.11,0
10/29/2013 16:00:00,1762.93,1772.09,1762.93,1771.95,0
10/30/2013 16:00:00,1772.27,1775.22,1757.24,1763.31,0
10/31/2013 16:00:00,1763.24,1768.53,1755.72,1756.54,0
11/1/2013 16:00:00,1758.7,1765.67,1752.7,1761.64,0
11/4/2013 16:00:00,1763.4,1768.78,1761.56,1767.93,0
11/5/2013 16:00:00,1765.67,1767.03,1755.76,1762.97,0
11/6/2013 16:00:00,1765,1773.74,1764.4,1770.49,0
11/7/2013 16:00:00,1770.74,1774.54,1746.2,1747.15,0
11/8/2013 16:00:00,1748.37,1770.78,1747.63,1770.61,0
11/11/2013 16:00:00,1769.96,1773.44,1767.85,1771.89,0
11/12/2013 16:00:00,1769.51,1771.78,1762.29,1767.69,0
11/13/2013 16:00:00,1764.37,1782,1760.64,1782,0
11/14/2013 16:00:00,1782.75,1791.53,1780.22,1790.62,0
11/15/2013 16:00:00,1790.66,1798.22,1790.66,1798.18,0
11/18/2013 16:00:00,1798.82,1802.33,1788,1791.53,0
11/19/2013 16:00:00,1790.79,1795.51,1784.72,1787.87,0
11/20/2013 16:00:00,1789.59,1795.73,1777.23,1781.37,0
11/21/2013 16:00:00,1783.52,1797.16,1783.52,1795.85,0
11/22/2013 16:00:00,1797.21,1804.84,1794.7,1804.76,0
11/25/2013 16:00:00,1806.33,1808.1,1800.58,1802.48,0
11/26/2013 16:00:00,1802.87,1808.42,1800.77,1802.75,0
11/27/2013 16:00:00,1803.48,1808.27,1802.77,1807.23,0
11/29/2013 16:00:00,1808.69,1813.55,1803.98,1805.81,0
12/2/2013 16:00:00,1806.55,1810.02,1798.6,1800.9,0
12/3/2013 16:00:00,1800.1,1800.1,1787.85,1795.15,0
12/4/2013 16:00:00,1793.15,1799.8,1779.09,1792.81,0
12/5/2013 16:00:00,1792.82,1792.82,1783.38,1785.03,0
12/6/2013 16:00:00,1788.36,1806.04,1788.36,1805.09,0
12/9/2013 16:00:00,1806.21,1811.52,1806.21,1808.37,0
12/10/2013 16:00:00,1807.6,1808.52,1801.75,1802.62,0
12/11/2013 16:00:00,1802.76,1802.97,1780.09,1782.22,0
12/12/2013 16:00:00,1781.71,1782.99,1772.28,1775.5,0
12/13/2013 16:00:00,1777.98,1780.92,1772.45,1775.32,0
12/16/2013 16:00:00,1777.48,1792.22,1777.48,1786.54,0
12/17/2013 16:00:00,1786.47,1786.77,1777.05,1781,0
12/18/2013 16:00:00,1781.46,1811.08,1767.99,1810.65,0
12/19/2013 16:00:00,1809,1810.88,1801.35,1809.6,0
12/20/2013 16:00:00,1810.39,1823.75,1810.25,1818.31,0
12/23/2013 16:00:00,1822.92,1829.75,1822.92,1827.99,0
12/24/2013 16:00:00,1828.02,1833.32,1828.02,1833.32,0
12/26/2013 16:00:00,1834.96,1842.84,1834.96,1842.02,0
12/27/2013 16:00:00,1842.97,1844.89,1839.81,1841.4,0
12/30/2013 16:00:00,1841.47,1842.47,1838.77,1841.07,0
12/31/2013 16:00:00,1842.61,1849.44,1842.41,1848.36,0
1/2/2014 16:00:00,1845.86,1845.86,1827.74,1831.98,0
1/3/2014 16:00:00,1833.21,1838.24,1829.13,1831.37,0
1/6/2014 16:00:00,1832.31,1837.16,1823.73,1826.77,0
1/7/2014 16:00:00,1828.71,1840.1,1828.71,1837.88,0
1/8/2014 16:00:00,1837.9,1840.02,1831.4,1837.49,0
1/9/2014 16:00:00,1839,1843.23,1830.38,1838.13,0
1/10/2014 16:00:00,1840.06,1843.15,1832.43,1842.37,0
1/13/2014 16:00:00,1841.26,1843.45,1815.52,1819.2,0
1/14/2014 16:00:00,1821.36,1839.26,1821.36,1838.88,0
1/15/2014 16:00:00,1840.52,1850.84,1840.52,1848.38,0
1/16/2014 16:00:00,1847.99,1847.99,1840.3,1845.89,0
1/17/2014 16:00:00,1844.23,1846.04,1835.23,1838.7,0
1/21/2014 16:00:00,1842.54,1843.81,1840.88,1843.8,0
1/22/2014 16:00:00,1844.71,1846.87,1840.88,1844.86,0
1/23/2014 16:00:00,1842.29,1842.29,1820.06,1828.46,0
1/24/2014 16:00:00,1826.96,1826.96,1790.29,1790.29,0
1/27/2014 16:00:00,1791.03,1795.98,1772.88,1781.56,0
1/28/2014 16:00:00,1783,1793.87,1779.49,1792.5,0
1/29/2014 16:00:00,1790.15,1790.15,1770.45,1774.2,0
1/30/2014 16:00:00,1777.17,1798.77,1777.17,1794.19,0
1/31/2014 16:00:00,1790.88,1793.88,1772.26,1782.59,0
2/3/2014 16:00:00,1782.68,1784.83,1739.66,1741.89,0
2/4/2014 16:00:00,1743.82,1758.73,1743.82,1755.2,0
2/5/2014 16:00:00,1753.38,1755.79,1737.92,1751.64,0
2/6/2014 16:00:00,1752.99,1774.06,1752.99,1773.43,0
2/7/2014 16:00:00,1776.01,1798.03,1776.01,1797.02,0
2/10/2014 16:00:00,1796.2,1799.94,1791.83,1799.84,0
2/11/2014 16:00:00,1800.45,1823.54,1800.41,1819.75,0
2/12/2014 16:00:00,1820.12,1826.55,1815.97,1819.26,0
2/13/2014 16:00:00,1814.82,1830.25,1809.22,1829.83,0
2/14/2014 16:00:00,1828.46,1841.65,1825.59,1838.63,0
2/18/2014 16:00:00,1839.03,1842.87,1835.01,1840.76,0
2/20/2014 16:00:00,1829.24,1842.79,1824.58,1839.78,0
2/21/2014 16:00:00,1841.07,1846.13,1835.6,1836.25,0
2/24/2014 16:00:00,1836.78,1858.71,1836.78,1847.61,0
2/25/2014 16:00:00,1847.66,1852.91,1840.19,1845.12,0
2/26/2014 16:00:00,1845.79,1852.65,1840.66,1845.16,0
2/27/2014 16:00:00,1844.9,1854.53,1841.13,1854.29,0
2/28/2014 16:00:00,1855.12,1867.92,1847.67,1859.45,0
3/3/2014 16:00:00,1857.68,1857.68,1834.44,1845.73,0
3/4/2014 16:00:00,1849.23,1876.23,1849.23,1873.91,0
3/5/2014 16:00:00,1874.05,1876.53,1871.11,1873.81,0
3/6/2014 16:00:00,1874.18,1881.94,1874.18,1877.03,0
3/7/2014 16:00:00,1878.52,1883.57,1870.56,1878.04,0
3/10/2014 16:00:00,1877.86,1877.87,1867.04,1877.17,0
3/11/2014 16:00:00,1878.26,1882.35,1863.88,1867.63,0
3/12/2014 16:00:00,1866.15,1868.38,1854.38,1868.2,0
3/13/2014 16:00:00,1869.06,1874.4,1841.86,1846.34,0
3/14/2014 16:00:00,1845.07,1852.44,1839.57,1841.13,0
3/17/2014 16:00:00,1842.81,1862.3,1842.81,1858.83,0
3/18/2014 16:00:00,1858.92,1873.76,1858.92,1872.25,0
3/19/2014 16:00:00,1872.25,1874.14,1850.35,1860.77,0
3/20/2014 16:00:00,1860.09,1873.49,1854.63,1872.01,0
3/21/2014 16:00:00,1874.53,1883.97,1863.46,1866.4,0
3/24/2014 16:00:00,1867.67,1873.34,1849.69,1857.44,0
3/25/2014 16:00:00,1859.48,1871.87,1855.96,1865.62,0
3/26/2014 16:00:00,1867.09,1875.92,1852.56,1852.56,0
3/27/2014 16:00:00,1852.11,1855.55,1842.11,1849.04,0
3/28/2014 16:00:00,1850.07,1866.63,1850.07,1857.62,0
3/31/2014 16:00:00,1859.16,1875.18,1859.16,1872.34,0
4/1/2014 16:00:00,1873.96,1885.84,1873.96,1885.52,0
4/2/2014 16:00:00,1886.61,1893.17,1883.79,1890.9,0
4/3/2014 16:00:00,1891.43,1893.8,1882.65,1888.77,0
4/4/2014 16:00:00,1890.25,1897.28,1863.26,1865.09,0
4/7/2014 16:00:00,1863.92,1864.04,1841.48,1845.04,0
4/8/2014 16:00:00,1845.48,1854.95,1837.49,1851.96,0
4/9/2014 16:00:00,1852.64,1872.43,1852.38,1872.18,0
4/10/2014 16:00:00,1872.28,1872.53,1830.87,1833.08,0
4/11/2014 16:00:00,1830.65,1835.07,1814.36,1815.69,0
4/14/2014 16:00:00,1818.18,1834.19,1815.8,1830.61,0
4/15/2014 16:00:00,1831.45,1844.02,1816.29,1842.98,0
4/16/2014 16:00:00,1846.01,1862.31,1846.01,1862.31,0
4/17/2014 16:00:00,1861.73,1869.63,1856.72,1864.85,0
4/21/2014 16:00:00,1865.79,1871.89,1863.18,1871.89,0
4/22/2014 16:00:00,1872.57,1884.89,1872.57,1879.55,0
4/23/2014 16:00:00,1879.32,1879.75,1873.91,1875.39,0
4/24/2014 16:00:00,1881.97,1884.06,1870.24,1878.61,0
4/25/2014 16:00:00,1877.72,1877.72,1859.7,1863.4,0
4/28/2014 16:00:00,1865,1877.01,1850.61,1869.43,0
4/29/2014 16:00:00,1870.78,1880.6,1870.78,1878.33,0
4/30/2014 16:00:00,1877.1,1885.2,1872.69,1883.95,0
5/1/2014 16:00:00,1884.39,1888.59,1878.04,1883.68,0
5/2/2014 16:00:00,1885.3,1891.33,1878.5,1881.14,0
5/5/2014 16:00:00,1879.45,1885.51,1866.77,1884.66,0
5/6/2014 16:00:00,1883.69,1883.69,1867.72,1867.72,0
5/7/2014 16:00:00,1868.53,1878.83,1859.79,1878.21,0
5/8/2014 16:00:00,1877.39,1889.07,1870.05,1875.63,0
5/9/2014 16:00:00,1875.27,1878.57,1867.02,1878.48,0
5/12/2014 16:00:00,1880.03,1897.13,1880.03,1896.65,0
5/13/2014 16:00:00,1896.75,1902.17,1896.06,1897.45,0
5/14/2014 16:00:00,1897.13,1897.13,1885.77,1888.53,0
5/15/2014 16:00:00,1888.16,1888.16,1862.36,1870.85,0
5/16/2014 16:00:00,1871.19,1878.28,1864.82,1877.86,0
5/19/2014 16:00:00,1876.66,1886,1872.42,1885.08,0
5/20/2014 16:00:00,1884.88,1884.88,1868.14,1872.83,0
5/21/2014 16:00:00,1873.34,1888.8,1873.34,1888.03,0
5/22/2014 16:00:00,1888.19,1896.33,1885.39,1892.49,0
5/23/2014 16:00:00,1893.32,1901.26,1893.32,1900.53,0
5/27/2014 16:00:00,1902.01,1912.28,1902.01,1911.91,0
5/28/2014 16:00:00,1911.77,1914.46,1907.3,1909.78,0
5/29/2014 16:00:00,1910.6,1920.03,1909.82,1920.03,0
5/30/2014 16:00:00,1920.33,1924.03,1916.64,1923.57,0
6/2/2014 16:00:00,1923.87,1925.88,1915.98,1924.97,0
6/3/2014 16:00:00,1923.07,1925.07,1918.79,1924.24,0
6/4/2014 16:00:00,1923.06,1928.63,1918.6,1927.88,0
6/5/2014 16:00:00,1928.52,1941.74,1922.93,1940.46,0
6/6/2014 16:00:00,1942.41,1949.44,1942.41,1949.44,0
6/9/2014 16:00:00,1948.97,1955.55,1947.16,1951.27,0
6/10/2014 16:00:00,1950.34,1950.86,1944.64,1950.79,0
6/11/2014 16:00:00,1949.37,1949.37,1940.08,1943.89,0
6/12/2014 16:00:00,1943.35,1943.35,1925.78,1930.11,0
6/13/2014 16:00:00,1930.8,1937.3,1927.69,1936.16,0
6/16/2014 16:00:00,1934.84,1941.15,1930.91,1937.78,0
6/17/2014 16:00:00,1937.15,1943.69,1933.55,1941.99,0
6/18/2014 16:00:00,1942.73,1957.74,1939.29,1956.98,0
6/19/2014 16:00:00,1957.5,1959.87,1952.26,1959.48,0
6/20/2014 16:00:00,1960.45,1963.91,1959.17,1962.87,0
6/23/2014 16:00:00,1962.92,1963.74,1958.89,1962.61,0
6/24/2014 16:00:00,1961.97,1968.17,1948.34,1949.98,0
6/25/2014 16:00:00,1949.27,1960.83,1947.49,1959.53,0
6/26/2014 16:00:00,1959.89,1959.89,1944.69,1957.22,0
6/27/2014 16:00:00,1956.56,1961.47,1952.18,1960.96,0
6/30/2014 16:00:00,1960.79,1964.24,1958.22,1960.23,0
7/1/2014 16:00:00,1962.29,1978.58,1962.29,1973.32,0
7/2/2014 16:00:00,1973.06,1976.67,1972.58,1974.62,0
7/3/2014 16:00:00,1975.88,1985.59,1975.88,1985.44,0
7/7/2014 16:00:00,1984.22,1984.22,1974.88,1977.65,0
7/8/2014 16:00:00,1976.39,1976.39,1959.46,1963.71,0
7/9/2014 16:00:00,1965.1,1974.15,1965.1,1972.83,0
7/10/2014 16:00:00,1966.67,1969.84,1952.86,1964.68,0
7/11/2014 16:00:00,1965.76,1968.67,1959.63,1967.57,0
7/14/2014 16:00:00,1969.86,1979.85,1969.86,1977.1,0
7/15/2014 16:00:00,1977.36,1982.52,1965.34,1973.28,0
7/16/2014 16:00:00,1976.35,1983.94,1975.67,1981.57,0
7/17/2014 16:00:00,1979.75,1981.8,1955.59,1958.12,0
7/18/2014 16:00:00,1961.54,1979.91,1960.82,1978.22,0
7/21/2014 16:00:00,1976.93,1976.93,1965.77,1973.63,0
7/22/2014 16:00:00,1975.65,1986.24,1975.65,1983.53,0
7/23/2014 16:00:00,1985.32,1989.23,1982.44,1987.01,0
7/24/2014 16:00:00,1988.07,1991.39,1985.79,1987.98,0
7/25/2014 16:00:00,1984.6,1984.6,1974.37,1978.34,0
7/28/2014 16:00:00,1978.25,1981.52,1967.31,1978.91,0
7/29/2014 16:00:00,1980.03,1984.85,1969.95,1969.95,0
7/30/2014 16:00:00,1973.21,1978.9,1962.75,1970.07,0
7/31/2014 16:00:00,1965.14,1965.14,1930.67,1930.67,0
8/1/2014 16:00:00,1929.8,1937.35,1916.37,1925.15,0
8/4/2014 16:00:00,1926.62,1942.92,1921.2,1938.99,0
8/5/2014 16:00:00,1936.34,1936.34,1914.3,1920.21,0
8/6/2014 16:00:00,1917.29,1927.91,1911.45,1920.24,0
8/7/2014 16:00:00,1923.03,1928.89,1904.78,1909.57,0
8/8/2014 16:00:00,1910.35,1932.38,1909.01,1931.59,0
8/11/2014 16:00:00,1933.43,1944.9,1933.43,1936.92,0
8/12/2014 16:00:00,1935.73,1939.65,1928.29,1933.75,0
8/13/2014 16:00:00,1935.6,1948.41,1935.6,1946.72,0
8/14/2014 16:00:00,1947.41,1955.23,1947.41,1955.18,0
8/15/2014 16:00:00,1958.87,1964.04,1941.5,1955.06,0
8/18/2014 16:00:00,1958.36,1971.99,1958.36,1971.74,0
8/19/2014 16:00:00,1972.73,1982.57,1972.73,1981.6,0
8/20/2014 16:00:00,1980.46,1988.57,1977.68,1986.51,0
8/21/2014 16:00:00,1986.82,1994.76,1986.82,1992.37,0
8/22/2014 16:00:00,1992.6,1993.54,1984.76,1988.4,0
8/25/2014 16:00:00,1988.97,2001.95,1988.51,1997.92,0
8/26/2014 16:00:00,1998.59,2005.04,1998.59,2000.02,0
8/27/2014 16:00:00,2000.54,2002.14,1996.2,2000.12,0
8/28/2014 16:00:00,1997.42,1998.55,1990.52,1996.74,0
8/29/2014 16:00:00,1998.45,2003.38,1994.65,2003.37,0
9/2/2014 16:00:00,2004.07,2006.12,1994.85,2002.28,0
9/3/2014 16:00:00,2003.57,2009.28,1998.14,2000.72,0
9/4/2014 16:00:00,2001.67,2011.17,1992.54,1997.65,0
9/5/2014 16:00:00,1998,2007.71,1990.1,2007.71,0
9/8/2014 16:00:00,2007.17,2007.17,1995.6,2001.54,0
9/9/2014 16:00:00,2000.73,2001.01,1984.61,1988.44,0
9/10/2014 16:00:00,1988.41,1996.66,1982.99,1995.69,0
9/11/2014 16:00:00,1992.85,1997.65,1985.93,1997.45,0
9/12/2014 16:00:00,1996.74,1996.74,1980.26,1985.54,0
9/15/2014 16:00:00,1996.74,1996.74,1978.48,1984.13,0
9/16/2014 16:00:00,1981.93,2002.28,1979.06,1998.98,0
9/17/2014 16:00:00,1999.3,2010.74,1993.29,2001.57,0
9/18/2014 16:00:00,2003.07,2012.34,2003.07,2011.36,0
9/19/2014 16:00:00,2012.74,2019.26,2006.59,2010.4,0
9/22/2014 16:00:00,2009.08,2009.08,1991.01,1994.29,0
9/23/2014 16:00:00,1992.78,1995.41,1982.77,1982.77,0
9/24/2014 16:00:00,1983.34,1999.79,1978.63,1998.3,0
9/25/2014 16:00:00,1997.32,1997.32,1965.99,1965.99,0
9/26/2014 16:00:00,1966.22,1986.37,1966.22,1982.85,0
9/29/2014 16:00:00,1978.96,1981.28,1964.04,1977.8,0
9/30/2014 16:00:00,1978.21,1985.17,1968.96,1972.29,0
10/1/2014 16:00:00,1971.44,1971.44,1941.72,1946.16,0
10/2/2014 16:00:00,1945.83,1952.32,1926.03,1946.17,0
10/3/2014 16:00:00,1948.12,1971.19,1948.12,1967.9,0
10/6/2014 16:00:00,1970.01,1977.84,1958.43,1964.82,0
10/7/2014 16:00:00,1962.36,1962.36,1934.87,1935.1,0
10/8/2014 16:00:00,1935.55,1970.36,1925.25,1968.89,0
10/9/2014 16:00:00,1967.68,1967.68,1927.56,1928.21,0
10/10/2014 16:00:00,1925.63,1936.98,1906.05,1906.13,0
10/13/2014 16:00:00,1905.65,1912.09,1874.14,1874.74,0
10/14/2014 16:00:00,1877.11,1898.71,1871.79,1877.7,0
10/15/2014 16:00:00,1874.18,1874.18,1820.66,1862.49,0
10/16/2014 16:00:00,1855.95,1876.01,1835.02,1862.76,0
10/17/2014 16:00:00,1864.91,1898.16,1864.91,1886.76,0
10/20/2014 16:00:00,1885.62,1905.03,1882.3,1904.01,0
10/21/2014 16:00:00,1909.38,1942.45,1909.38,1941.28,0
10/22/2014 16:00:00,1941.29,1949.31,1926.83,1927.11,0
10/23/2014 16:00:00,1931.02,1961.95,1931.02,1950.82,0
10/24/2014 16:00:00,1951.59,1965.27,1946.27,1964.58,0
10/27/2014 16:00:00,1962.97,1964.64,1951.37,1961.63,0
10/28/2014 16:00:00,1964.14,1985.05,1964.14,1985.05,0
10/29/2014 16:00:00,1983.29,1991.4,1969.04,1982.3,0
10/30/2014 16:00:00,1979.49,1999.4,1974.75,1994.65,0
10/31/2014 16:00:00,2001.2,2018.19,2001.2,2018.05,0
11/3/2014 16:00:00,2018.21,2024.46,2013.68,2017.81,0
11/4/2014 16:00:00,2015.81,2015.98,2001.01,2012.1,0
11/5/2014 16:00:00,2015.29,2023.77,2014.42,2023.57,0
11/6/2014 16:00:00,2023.33,2031.61,2015.86,2031.21,0
11/7/2014 16:00:00,2032.36,2034.26,2025.07,2031.92,0
11/10/2014 16:00:00,2032.01,2038.7,2030.17,2038.26,0
11/11/2014 16:00:00,2038.2,2041.28,2035.28,2039.68,0
11/12/2014 16:00:00,2037.75,2040.33,2031.95,2038.25,0
11/13/2014 16:00:00,2039.21,2046.18,2030.44,2039.33,0
11/14/2014 16:00:00,2039.74,2042.22,2035.2,2039.82,0
11/17/2014 16:00:00,2038.29,2043.07,2034.46,2041.32,0
11/18/2014 16:00:00,2041.48,2056.08,2041.48,2051.8,0
11/19/2014 16:00:00,2051.16,2052.14,2040.37,2048.72,0
11/20/2014 16:00:00,2045.87,2053.84,2040.49,2052.75,0
11/21/2014 16:00:00,2057.46,2071.46,2056.75,2063.5,0
11/24/2014 16:00:00,2065.07,2070.17,2065.07,2069.41,0
11/25/2014 16:00:00,2070.15,2074.21,2064.75,2067.03,0
11/26/2014 16:00:00,2067.36,2073.29,2066.62,2072.83,0
11/28/2014 16:00:00,2074.78,2075.76,2065.06,2067.56,0
12/1/2014 16:00:00,2065.78,2065.78,2049.57,2053.44,0
12/2/2014 16:00:00,2053.77,2068.77,2053.77,2066.55,0
12/3/2014 16:00:00,2067.45,2076.28,2066.65,2074.33,0
12/4/2014 16:00:00,2073.64,2077.34,2062.34,2071.92,0
12/5/2014 16:00:00,2072.78,2079.47,2070.81,2075.37,0
12/8/2014 16:00:00,2074.84,2075.78,2054.27,2060.31,0
12/9/2014 16:00:00,2056.55,2060.6,2034.17,2059.82,0
12/10/2014 16:00:00,2058.86,2058.86,2024.26,2026.14,0
12/11/2014 16:00:00,2027.92,2055.53,2027.92,2035.33,0
12/12/2014 16:00:00,2030.36,2032.25,2002.33,2002.33,0
12/15/2014 16:00:00,2005.03,2018.69,1982.26,1989.63,0
12/16/2014 16:00:00,1986.71,2016.89,1972.56,1972.74,0
12/17/2014 16:00:00,1973.77,2016.75,1973.77,2012.89,0
12/18/2014 16:00:00,2018.98,2061.23,2018.98,2061.23,0
12/19/2014 16:00:00,2061.04,2077.85,2061.03,2070.65,0
12/22/2014 16:00:00,2069.28,2078.76,2069.28,2078.54,0
12/23/2014 16:00:00,2081.48,2086.73,2079.77,2082.17,0
12/24/2014 16:00:00,2083.25,2087.56,2081.86,2081.88,0
12/26/2014 16:00:00,2084.3,2092.7,2084.3,2088.77,0
12/29/2014 16:00:00,2087.63,2093.55,2085.75,2090.57,0
12/30/2014 16:00:00,2088.49,2088.49,2079.53,2080.35,0
12/31/2014 16:00:00,2082.11,2085.58,2057.94,2058.9,0
1/2/2015 16:00:00,2058.9,2072.36,2046.04,2058.2,0
1/5/2015 16:00:00,2054.44,2054.44,2017.34,2020.58,0
1/6/2015 16:00:00,2022.15,2030.25,1992.44,2002.61,0
1/7/2015 16:00:00,2005.55,2029.61,2005.55,2025.9,0
1/8/2015 16:00:00,2030.61,2064.08,2030.61,2062.14,0
1/9/2015 16:00:00,2063.45,2064.43,2038.33,2044.81,0
1/12/2015 16:00:00,2046.13,2049.3,2022.58,2028.26,0
1/13/2015 16:00:00,2031.58,2056.93,2008.25,2023.03,0
1/14/2015 16:00:00,2018.4,2018.4,1988.44,2011.27,0
1/15/2015 16:00:00,2013.75,2021.35,1991.47,1992.67,0
1/16/2015 16:00:00,1992.25,2020.46,1988.12,2019.42,0
1/20/2015 16:00:00,2020.76,2028.94,2004.49,2022.55,0
1/21/2015 16:00:00,2020.19,2038.29,2012.04,2032.12,0
1/22/2015 16:00:00,2034.3,2064.62,2026.38,2063.15,0
1/23/2015 16:00:00,2062.98,2062.98,2050.54,2051.82,0
1/26/2015 16:00:00,2050.42,2057.62,2040.97,2057.09,0
1/27/2015 16:00:00,2047.86,2047.86,2019.91,2029.55,0
1/28/2015 16:00:00,2032.34,2042.49,2001.49,2002.16,0
1/29/2015 16:00:00,2002.45,2024.64,1989.18,2021.25,0
1/30/2015 16:00:00,2019.35,2023.32,1993.38,1994.99,0
2/2/2015 16:00:00,1996.67,2021.66,1980.9,2020.85,0
2/3/2015 16:00:00,2022.71,2050.3,2022.71,2050.03,0
2/4/2015 16:00:00,2048.86,2054.74,2036.72,2041.51,0
2/5/2015 16:00:00,2043.45,2063.55,2043.45,2062.52,0
2/6/2015 16:00:00,2062.28,2072.4,2049.97,2055.47,0
2/9/2015 16:00:00,2053.47,2056.16,2041.88,2046.74,0
2/10/2015 16:00:00,2049.38,2070.86,2048.62,2068.59,0
2/11/2015 16:00:00,2068.55,2073.48,2057.99,2068.53,0
2/12/2015 16:00:00,2069.98,2088.53,2069.98,2088.48,0
2/13/2015 16:00:00,2088.78,2097.03,2086.7,2096.99,0
2/17/2015 16:00:00,2096.47,2101.3,2089.8,2100.34,0
2/18/2015 16:00:00,2099.16,2100.23,2092.15,2099.68,0
2/19/2015 16:00:00,2099.25,2102.13,2090.79,2097.45,0
2/20/2015 16:00:00,2097.65,2110.61,2085.44,2110.3,0
2/23/2015 16:00:00,2109.83,2110.05,2103,2109.66,0
2/24/2015 16:00:00,2109.1,2117.94,2105.87,2115.48,0
2/25/2015 16:00:00,2115.3,2119.59,2109.89,2113.86,0
2/26/2015 16:00:00,2113.91,2113.91,2103.76,2110.74,0
2/27/2015 16:00:00,2110.88,2112.74,2103.75,2104.5,0
3/2/2015 16:00:00,2105.23,2117.52,2104.5,2117.39,0
3/3/2015 16:00:00,2115.76,2115.76,2098.26,2107.78,0
3/4/2015 16:00:00,2107.72,2107.72,2087.62,2098.53,0
3/5/2015 16:00:00,2098.54,2104.25,2095.22,2101.04,0
3/6/2015 16:00:00,2100.91,2100.91,2067.27,2071.26,0
3/9/2015 16:00:00,2072.25,2083.49,2072.21,2079.43,0
3/10/2015 16:00:00,2076.14,2076.14,2044.16,2044.16,0
3/11/2015 16:00:00,2044.69,2050.08,2039.69,2040.24,0
3/12/2015 16:00:00,2041.1,2066.41,2041.1,2065.95,0
3/13/2015 16:00:00,2064.56,2064.56,2041.17,2053.4,0
3/16/2015 16:00:00,2055.35,2081.41,2055.35,2081.19,0
3/17/2015 16:00:00,2080.59,2080.59,2065.08,2074.28,0
3/18/2015 16:00:00,2072.84,2106.85,2061.23,2099.5,0
3/19/2015 16:00:00,2098.69,2098.69,2085.56,2089.27,0
3/20/2015 16:00:00,2090.32,2113.92,2090.32,2108.1,0
3/23/2015 16:00:00,2107.99,2114.86,2104.42,2104.42,0
3/24/2015 16:00:00,2103.94,2107.63,2091.5,2091.5,0
3/25/2015 16:00:00,2093.1,2097.43,2061.05,2061.05,0
3/26/2015 16:00:00,2059.94,2067.15,2045.5,2056.15,0
3/27/2015 16:00:00,2055.78,2062.83,2052.96,2061.02,0
3/30/2015 16:00:00,2064.11,2088.97,2064.11,2086.24,0
3/31/2015 16:00:00,2084.05,2084.05,2067.04,2067.89,0
4/1/2015 16:00:00,2067.63,2067.63,2048.38,2059.69,0
4/2/2015 16:00:00,2060.03,2072.17,2057.32,2066.96,0
4/6/2015 16:00:00,2064.87,2086.99,2056.52,2080.62,0
4/7/2015 16:00:00,2080.79,2089.81,2076.1,2076.33,0
4/8/2015 16:00:00,2076.94,2086.69,2073.3,2081.9,0
4/9/2015 16:00:00,2081.29,2093.31,2074.29,2091.18,0
4/10/2015 16:00:00,2091.51,2102.61,2091.51,2102.06,0
4/13/2015 16:00:00,2102.03,2107.65,2092.33,2092.43,0
4/14/2015 16:00:00,2092.28,2098.62,2083.24,2095.84,0
4/15/2015 16:00:00,2097.82,2111.91,2097.82,2106.63,0
4/16/2015 16:00:00,2105.96,2111.3,2100.02,2104.99,0
4/17/2015 16:00:00,2102.58,2102.58,2072.37,2081.18,0
4/20/2015 16:00:00,2084.11,2103.94,2084.11,2100.4,0
4/21/2015 16:00:00,2102.82,2109.64,2094.38,2097.29,0
4/22/2015 16:00:00,2098.27,2109.98,2091.05,2107.96,0
4/23/2015 16:00:00,2107.21,2120.49,2103.19,2112.93,0
4/24/2015 16:00:00,2112.8,2120.92,2112.8,2117.69,0
4/27/2015 16:00:00,2119.29,2125.92,2107.04,2108.92,0
4/28/2015 16:00:00,2108.35,2116.09,2094.89,2114.76,0
4/29/2015 16:00:00,2112.49,2113.65,2097.41,2106.85,0
4/30/2015 16:00:00,2105.52,2105.52,2077.59,2085.51,0
5/1/2015 16:00:00,2087.38,2108.41,2087.38,2108.29,0
5/4/2015 16:00:00,2110.23,2120.95,2110.23,2114.49,0
5/5/2015 16:00:00,2112.63,2115.24,2088.46,2089.46,0
5/6/2015 16:00:00,2091.26,2098.42,2067.93,2080.15,0
5/7/2015 16:00:00,2079.96,2092.9,2074.99,2088,0
5/8/2015 16:00:00,2092.13,2117.66,2092.13,2116.1,0
5/11/2015 16:00:00,2115.56,2117.69,2104.58,2105.33,0
5/12/2015 16:00:00,2102.87,2105.06,2085.57,2099.12,0
5/13/2015 16:00:00,2099.62,2110.19,2096.04,2098.48,0
5/14/2015 16:00:00,2100.43,2121.45,2100.43,2121.1,0
5/15/2015 16:00:00,2122.07,2123.89,2116.79,2122.73,0
5/18/2015 16:00:00,2121.3,2131.78,2120.01,2129.2,0
5/19/2015 16:00:00,2129.45,2133.02,2124.5,2127.83,0
5/20/2015 16:00:00,2127.79,2134.72,2122.59,2125.85,0
5/21/2015 16:00:00,2125.55,2134.28,2122.95,2130.82,0
5/22/2015 16:00:00,2130.36,2132.15,2126.06,2126.06,0
5/26/2015 16:00:00,2125.34,2125.34,2099.18,2104.2,0
5/27/2015 16:00:00,2105.13,2126.22,2105.13,2123.48,0
5/28/2015 16:00:00,2122.27,2122.27,2112.86,2120.79,0
5/29/2015 16:00:00,2120.66,2120.66,2104.89,2107.39,0
6/1/2015 16:00:00,2108.64,2119.15,2102.54,2111.73,0
6/2/2015 16:00:00,2110.41,2117.59,2099.14,2109.6,0
6/3/2015 16:00:00,2110.64,2121.92,2109.61,2114.07,0
6/4/2015 16:00:00,2112.35,2112.89,2093.23,2095.84,0
6/5/2015 16:00:00,2095.09,2100.99,2085.67,2092.83,0
6/8/2015 16:00:00,2092.34,2093.01,2079.11,2079.28,0
6/9/2015 16:00:00,2079.07,2085.62,2072.14,2080.15,0
6/10/2015 16:00:00,2081.12,2108.5,2081.12,2105.2,0
6/11/2015 16:00:00,2106.24,2115.02,2106.24,2108.86,0
6/12/2015 16:00:00,2107.43,2107.43,2091.33,2094.11,0
6/15/2015 16:00:00,2091.34,2091.34,2072.49,2084.43,0
6/16/2015 16:00:00,2084.26,2097.4,2082.1,2096.29,0
6/17/2015 16:00:00,2097.4,2106.79,2088.86,2100.44,0
6/18/2015 16:00:00,2101.58,2126.65,2101.58,2121.24,0
6/19/2015 16:00:00,2121.06,2121.64,2109.45,2109.99,0
6/22/2015 16:00:00,2112.5,2129.87,2112.5,2122.85,0
6/23/2015 16:00:00,2123.16,2128.03,2119.89,2124.2,0
6/24/2015 16:00:00,2123.65,2125.1,2108.58,2108.58,0
6/25/2015 16:00:00,2109.96,2116.04,2101.78,2102.31,0
6/26/2015 16:00:00,2102.62,2108.92,2095.38,2101.49,0
6/29/2015 16:00:00,2098.63,2098.63,2056.64,2057.64,0
6/30/2015 16:00:00,2061.19,2074.28,2056.32,2063.11,0
7/1/2015 16:00:00,2067,2082.78,2067,2077.42,0
7/2/2015 16:00:00,2078.03,2085.06,2071.02,2076.78,0
7/6/2015 16:00:00,2073.95,2078.61,2058.4,2068.76,0
7/7/2015 16:00:00,2069.52,2083.74,2044.02,2081.34,0
7/8/2015 16:00:00,2077.66,2077.66,2044.66,2046.68,0
7/9/2015 16:00:00,2049.73,2074.28,2049.73,2051.31,0
7/10/2015 16:00:00,2052.74,2081.31,2052.74,2076.62,0
7/13/2015 16:00:00,2080.03,2100.67,2080.03,2099.6,0
7/14/2015 16:00:00,2099.72,2111.98,2098.18,2108.95,0
7/15/2015 16:00:00,2109.01,2114.14,2102.49,2107.4,0
7/16/2015 16:00:00,2110.55,2124.42,2110.55,2124.29,0
7/17/2015 16:00:00,2126.8,2128.91,2119.88,2126.64,0
7/20/2015 16:00:00,2126.85,2132.82,2123.65,2128.28,0
7/21/2015 16:00:00,2127.55,2128.49,2115.4,2119.21,0
7/22/2015 16:00:00,2118.21,2118.51,2110,2114.15,0
7/23/2015 16:00:00,2114.16,2116.87,2098.63,2102.15,0
7/24/2015 16:00:00,2102.24,2106.01,2077.09,2079.65,0
7/27/2015 16:00:00,2078.19,2078.19,2063.52,2067.64,0
7/28/2015 16:00:00,2070.75,2095.6,2069.09,2093.25,0
7/29/2015 16:00:00,2094.7,2110.6,2094.08,2108.57,0
7/30/2015 16:00:00,2106.78,2110.48,2094.97,2108.63,0
7/31/2015 16:00:00,2111.6,2114.24,2102.07,2103.84,0
8/3/2015 16:00:00,2104.49,2105.7,2087.31,2098.04,0
8/4/2015 16:00:00,2097.68,2102.51,2088.6,2093.32,0
8/5/2015 16:00:00,2095.27,2112.66,2095.27,2099.84,0
8/6/2015 16:00:00,2100.75,2103.32,2075.53,2083.56,0
8/7/2015 16:00:00,2082.61,2082.61,2067.91,2077.57,0
8/10/2015 16:00:00,2080.98,2105.35,2080.98,2104.18,0
8/11/2015 16:00:00,2102.66,2102.66,2076.49,2084.07,0
8/12/2015 16:00:00,2081.1,2089.06,2052.09,2086.05,0
8/13/2015 16:00:00,2086.19,2092.93,2078.26,2083.39,0
8/14/2015 16:00:00,2083.15,2092.45,2080.61,2091.54,0
8/17/2015 16:00:00,2089.7,2102.87,2079.3,2102.44,0
8/18/2015 16:00:00,2101.99,2103.47,2094.14,2096.92,0
8/19/2015 16:00:00,2095.69,2096.17,2070.53,2079.61,0
8/20/2015 16:00:00,2076.61,2076.61,2035.73,2035.73,0
8/21/2015 16:00:00,2034.08,2034.08,1970.89,1970.89,0
8/24/2015 16:00:00,1965.15,1965.15,1867.01,1893.21,0
8/25/2015 16:00:00,1898.08,1948.04,1867.08,1867.61,0
8/26/2015 16:00:00,1872.75,1943.09,1872.75,1940.51,0
8/27/2015 16:00:00,1942.77,1989.6,1942.77,1987.66,0
8/28/2015 16:00:00,1986.06,1993.48,1975.19,1988.87,0
8/31/2015 16:00:00,1986.73,1986.73,1965.98,1972.18,0
9/1/2015 16:00:00,1970.09,1970.09,1903.07,1913.85,0
9/2/2015 16:00:00,1916.52,1948.91,1916.52,1948.86,0
9/3/2015 16:00:00,1950.79,1975.01,1944.72,1951.13,0
9/4/2015 16:00:00,1947.76,1947.76,1911.21,1921.22,0
9/8/2015 16:00:00,1927.3,1970.42,1927.3,1969.41,0
9/9/2015 16:00:00,1971.45,1988.63,1937.88,1942.04,0
9/10/2015 16:00:00,1941.59,1965.29,1937.19,1952.29,0
9/11/2015 16:00:00,1951.45,1961.05,1939.19,1961.05,0
9/14/2015 16:00:00,1963.06,1963.06,1948.27,1953.03,0
9/15/2015 16:00:00,1955.1,1983.19,1954.3,1978.09,0
9/16/2015 16:00:00,1978.02,1997.26,1977.93,1995.31,0
9/17/2015 16:00:00,1995.33,2020.86,1986.73,1990.2,0
9/18/2015 16:00:00,1989.66,1989.66,1953.45,1958.03,0
9/21/2015 16:00:00,1960.84,1979.64,1955.8,1966.97,0
9/22/2015 16:00:00,1961.39,1961.39,1929.22,1942.74,0
9/23/2015 16:00:00,1943.24,1949.52,1932.57,1938.76,0
9/24/2015 16:00:00,1934.81,1937.17,1908.92,1932.24,0
9/25/2015 16:00:00,1935.93,1952.89,1921.5,1931.34,0
9/28/2015 16:00:00,1929.18,1929.18,1879.21,1881.77,0
9/29/2015 16:00:00,1881.9,1899.48,1871.91,1884.09,0
9/30/2015 16:00:00,1887.14,1920.53,1887.14,1920.03,0
10/1/2015 16:00:00,1919.65,1927.21,1900.7,1923.82,0
10/2/2015 16:00:00,1921.77,1951.36,1893.7,1951.36,0
10/5/2015 16:00:00,1954.33,1989.17,1954.33,1987.05,0
10/6/2015 16:00:00,1986.63,1991.62,1971.99,1979.92,0
10/7/2015 16:00:00,1982.34,1999.31,1976.44,1995.83,0
10/8/2015 16:00:00,1994.01,2016.5,1987.53,2013.43,0
10/9/2015 16:00:00,2013.73,2020.13,2007.61,2014.89,0
10/12/2015 16:00:00,2015.65,2018.66,2010.55,2017.46,0
10/13/2015 16:00:00,2015,2022.34,2001.78,2003.69,0
10/14/2015 16:00:00,2003.66,2009.56,1990.73,1994.24,0
10/15/2015 16:00:00,1996.47,2024.15,1996.47,2023.86,0
10/16/2015 16:00:00,2024.37,2033.54,2020.46,2033.11,0
10/19/2015 16:00:00,2031.73,2034.45,2022.31,2033.66,0
10/20/2015 16:00:00,2033.13,2039.12,2026.61,2030.77,0
10/21/2015 16:00:00,2033.47,2037.97,2017.22,2018.94,0
10/22/2015 16:00:00,2021.88,2055.2,2021.88,2052.51,0
10/23/2015 16:00:00,2058.19,2079.74,2058.19,2075.15,0
10/26/2015 16:00:00,2075.08,2075.14,2066.53,2071.18,0
10/27/2015 16:00:00,2068.75,2070.37,2058.84,2065.89,0
10/28/2015 16:00:00,2066.48,2090.35,2063.11,2090.35,0
10/29/2015 16:00:00,2088.35,2092.52,2082.63,2089.41,0
10/30/2015 16:00:00,2090,2094.32,2079.34,2079.36,0
11/2/2015 16:00:00,2080.76,2106.2,2080.76,2104.05,0
11/3/2015 16:00:00,2102.63,2116.48,2097.51,2109.79,0
11/4/2015 16:00:00,2110.6,2114.59,2096.98,2102.31,0
11/5/2015 16:00:00,2101.68,2108.78,2090.41,2099.93,0
11/6/2015 16:00:00,2098.6,2101.91,2083.74,2099.2,0
11/9/2015 16:00:00,2096.56,2096.56,2068.24,2078.58,0
11/10/2015 16:00:00,2077.19,2083.67,2069.91,2081.72,0
11/11/2015 16:00:00,2083.41,2086.94,2074.85,2075,0
11/12/2015 16:00:00,2072.29,2072.29,2045.66,2045.97,0
11/13/2015 16:00:00,2044.64,2044.64,2022.02,2023.04,0
11/16/2015 16:00:00,2022.08,2053.22,2019.39,2053.19,0
11/17/2015 16:00:00,2053.67,2066.69,2045.9,2050.44,0
11/18/2015 16:00:00,2051.99,2085.31,2051.99,2083.58,0
11/19/2015 16:00:00,2083.7,2086.74,2078.76,2081.24,0
11/20/2015 16:00:00,2082.82,2097.06,2082.82,2089.17,0
11/23/2015 16:00:00,2089.41,2095.61,2081.39,2086.59,0
11/24/2015 16:00:00,2084.42,2094.12,2070.29,2089.14,0
11/25/2015 16:00:00,2089.3,2093,2086.3,2088.87,0
11/27/2015 16:00:00,2088.82,2093.29,2084.13,2090.11,0
11/30/2015 16:00:00,2090.95,2093.81,2080.41,2080.41,0
12/1/2015 16:00:00,2082.93,2103.37,2082.93,2102.63,0
12/2/2015 16:00:00,2101.71,2104.27,2077.11,2079.51,0
12/3/2015 16:00:00,2080.71,2085,2042.35,2049.62,0
12/4/2015 16:00:00,2051.24,2093.84,2051.24,2091.69,0
12/7/2015 16:00:00,2090.42,2090.42,2066.78,2077.07,0
12/8/2015 16:00:00,2073.39,2073.85,2052.32,2063.59,0
12/9/2015 16:00:00,2061.17,2080.33,2036.53,2047.62,0
12/10/2015 16:00:00,2047.93,2067.65,2045.67,2052.23,0
12/11/2015 16:00:00,2047.27,2047.27,2008.8,2012.37,0
12/14/2015 16:00:00,2013.37,2022.92,1993.26,2021.94,0
12/15/2015 16:00:00,2025.55,2053.87,2025.55,2043.41,0
12/16/2015 16:00:00,2046.5,2076.72,2042.43,2073.07,0
12/17/2015 16:00:00,2073.76,2076.37,2041.66,2041.89,0
12/18/2015 16:00:00,2040.81,2040.81,2005.33,2005.55,0
12/21/2015 16:00:00,2010.27,2022.9,2005.93,2021.15,0
12/22/2015 16:00:00,2023.15,2042.74,2020.49,2038.97,0
12/23/2015 16:00:00,2042.2,2064.73,2042.2,2064.29,0
12/24/2015 16:00:00,2063.52,2067.36,2058.73,2060.99,0
12/28/2015 16:00:00,2057.77,2057.77,2044.2,2056.5,0
12/29/2015 16:00:00,2060.54,2081.56,2060.54,2078.36,0
12/30/2015 16:00:00,2077.34,2077.34,2061.97,2063.36,0
12/31/2015 16:00:00,2060.59,2062.54,2043.62,2043.94,0
1/4/2016 16:00:00,2038.2,2038.2,1989.68,2012.66,0
1/5/2016 16:00:00,2013.78,2021.94,2004.17,2016.71,0
1/6/2016 16:00:00,2011.71,2011.71,1979.05,1990.26,0
1/7/2016 16:00:00,1985.32,1985.32,1938.83,1943.09,0
1/8/2016 16:00:00,1945.97,1960.4,1918.46,1922.03,0
1/11/2016 16:00:00,1926.12,1935.65,1901.1,1923.67,0
1/12/2016 16:00:00,1927.83,1947.38,1914.35,1938.68,0
1/13/2016 16:00:00,1940.34,1950.33,1886.41,1890.28,0
1/14/2016 16:00:00,1891.68,1934.47,1878.93,1921.84,0
1/15/2016 16:00:00,1916.68,1916.68,1857.83,1880.33,0
1/19/2016 16:00:00,1888.66,1901.44,1864.6,1881.33,0
1/20/2016 16:00:00,1876.18,1876.18,1812.29,1859.33,0
1/21/2016 16:00:00,1861.46,1889.85,1848.98,1868.99,0
1/22/2016 16:00:00,1877.4,1908.85,1877.4,1906.9,0
1/25/2016 16:00:00,1906.28,1906.28,1875.97,1877.08,0
1/26/2016 16:00:00,1878.79,1906.73,1878.79,1903.63,0
1/27/2016 16:00:00,1902.52,1916.99,1872.7,1882.95,0
1/28/2016 16:00:00,1885.22,1902.96,1873.65,1893.36,0
1/29/2016 16:00:00,1894,1940.24,1894,1940.24,0
2/1/2016 16:00:00,1936.94,1947.2,1920.3,1939.38,0
2/2/2016 16:00:00,1935.26,1935.26,1897.29,1903.03,0
2/3/2016 16:00:00,1907.07,1918.01,1872.23,1912.53,0
2/4/2016 16:00:00,1911.67,1927.35,1900.52,1915.45,0
2/5/2016 16:00:00,1913.07,1913.07,1872.65,1880.05,0
2/8/2016 16:00:00,1873.25,1873.25,1828.46,1853.44,0
2/9/2016 16:00:00,1848.46,1868.25,1834.94,1852.21,0
2/10/2016 16:00:00,1857.1,1881.6,1850.32,1851.86,0
2/11/2016 16:00:00,1847,1847,1810.1,1829.08,0
2/12/2016 16:00:00,1833.4,1864.78,1833.4,1864.78,0
2/16/2016 16:00:00,1871.44,1895.77,1871.44,1895.58,0
2/17/2016 16:00:00,1898.8,1930.68,1898.8,1926.82,0
2/18/2016 16:00:00,1927.57,1930,1915.09,1917.83,0
2/19/2016 16:00:00,1916.74,1918.78,1902.17,1917.78,0
2/22/2016 16:00:00,1924.44,1946.7,1924.44,1945.5,0
2/23/2016 16:00:00,1942.38,1942.38,1919.44,1921.27,0
2/24/2016 16:00:00,1917.56,1932.08,1891,1929.8,0
2/25/2016 16:00:00,1931.87,1951.83,1925.41,1951.7,0
2/26/2016 16:00:00,1954.95,1962.96,1945.78,1948.05,0
2/29/2016 16:00:00,1947.13,1958.27,1931.81,1932.23,0
3/1/2016 16:00:00,1937.09,1978.35,1937.09,1978.35,0
3/2/2016 16:00:00,1976.6,1986.51,1968.8,1986.45,0
3/3/2016 16:00:00,1985.6,1993.69,1977.37,1993.4,0
3/4/2016 16:00:00,1994.01,2009.13,1986.77,1999.99,0
3/7/2016 16:00:00,1996.11,2006.12,1989.38,2001.76,0
3/8/2016 16:00:00,1996.88,1996.88,1977.43,1979.26,0
3/9/2016 16:00:00,1981.44,1992.69,1979.84,1989.26,0
3/10/2016 16:00:00,1990.97,2005.08,1969.25,1989.57,0
3/11/2016 16:00:00,1994.71,2022.37,1994.71,2022.19,0
3/14/2016 16:00:00,2019.27,2024.57,2012.05,2019.64,0
3/15/2016 16:00:00,2015.27,2015.94,2005.23,2015.93,0
3/16/2016 16:00:00,2014.24,2032.02,2010.04,2027.22,0
3/17/2016 16:00:00,2026.9,2046.24,2022.16,2040.59,0
3/18/2016 16:00:00,2041.16,2052.36,2041.16,2049.58,0
3/21/2016 16:00:00,2047.88,2053.91,2043.14,2051.6,0
3/22/2016 16:00:00,2048.64,2056.6,2040.57,2049.8,0
3/23/2016 16:00:00,2048.55,2048.55,2034.86,2036.71,0
3/24/2016 16:00:00,2032.48,2036.04,2022.49,2035.94,0
3/28/2016 16:00:00,2037.89,2042.67,2031.96,2037.05,0
3/29/2016 16:00:00,2035.75,2055.91,2028.31,2055.01,0
3/30/2016 16:00:00,2058.27,2072.21,2058.27,2063.95,0
3/31/2016 16:00:00,2063.77,2067.92,2057.46,2059.74,0
4/1/2016 16:00:00,2056.62,2075.07,2043.98,2072.78,0
4/4/2016 16:00:00,2073.19,2074.02,2062.57,2066.13,0
4/5/2016 16:00:00,2062.5,2062.5,2042.56,2045.17,0
4/6/2016 16:00:00,2045.56,2067.33,2043.09,2066.66,0
4/7/2016 16:00:00,2063.01,2063.01,2033.8,2041.91,0
4/8/2016 16:00:00,2045.54,2060.63,2041.69,2047.6,0
4/11/2016 16:00:00,2050.23,2062.93,2041.88,2041.99,0
4/12/2016 16:00:00,2043.72,2065.05,2039.74,2061.72,0
4/13/2016 16:00:00,2065.92,2083.18,2065.92,2082.42,0
4/14/2016 16:00:00,2082.89,2087.84,2078.13,2082.78,0
4/15/2016 16:00:00,2083.1,2083.22,2076.31,2080.73,0
4/18/2016 16:00:00,2078.83,2094.66,2073.65,2094.34,0
4/19/2016 16:00:00,2096.05,2104.05,2091.68,2100.8,0
4/20/2016 16:00:00,2101.52,2111.05,2096.32,2102.4,0
4/21/2016 16:00:00,2102.09,2103.78,2088.52,2091.48,0
4/22/2016 16:00:00,2091.49,2094.32,2081.2,2091.58,0
4/25/2016 16:00:00,2089.37,2089.37,2077.52,2087.79,0
4/26/2016 16:00:00,2089.84,2096.87,2085.8,2091.7,0
4/27/2016 16:00:00,2092.33,2099.89,2082.31,2095.15,0
4/28/2016 16:00:00,2090.93,2099.3,2071.62,2075.81,0
4/29/2016 16:00:00,2071.82,2073.85,2052.28,2065.3,0
5/2/2016 16:00:00,2067.17,2083.42,2066.11,2081.43,0
5/3/2016 16:00:00,2077.18,2077.18,2054.89,2063.37,0
5/4/2016 16:00:00,2060.3,2060.3,2045.55,2051.12,0
5/5/2016 16:00:00,2052.95,2060.23,2045.77,2050.63,0
5/6/2016 16:00:00,2047.77,2057.72,2039.45,2057.14,0
5/9/2016 16:00:00,2057.55,2064.15,2054.31,2058.69,0
5/10/2016 16:00:00,2062.63,2084.87,2062.63,2084.39,0
5/11/2016 16:00:00,2083.29,2083.29,2064.46,2064.46,0
5/12/2016 16:00:00,2067.17,2073.99,2053.13,2064.11,0
5/13/2016 16:00:00,2062.5,2066.79,2043.13,2046.61,0
5/16/2016 16:00:00,2046.53,2071.88,2046.53,2066.66,0
5/17/2016 16:00:00,2065.04,2065.69,2040.82,2047.21,0
5/18/2016 16:00:00,2044.38,2060.61,2034.49,2047.63,0
5/19/2016 16:00:00,2044.21,2044.21,2025.91,2040.04,0
5/20/2016 16:00:00,2041.88,2058.35,2041.88,2052.32,0
5/23/2016 16:00:00,2052.23,2055.58,2047.26,2048.04,0
5/24/2016 16:00:00,2052.65,2079.67,2052.65,2076.06,0
5/25/2016 16:00:00,2078.93,2094.73,2078.93,2090.54,0
5/26/2016 16:00:00,2091.44,2094.3,2087.08,2090.1,0
5/27/2016 16:00:00,2090.06,2099.06,2090.06,2099.06,0
5/31/2016 16:00:00,2100.13,2103.48,2088.66,2096.96,0
6/1/2016 16:00:00,2093.94,2100.97,2085.1,2099.33,0
6/2/2016 16:00:00,2097.71,2105.26,2088.59,2105.26,0
6/3/2016 16:00:00,2104.07,2104.07,2085.36,2099.13,0
6/6/2016 16:00:00,2100.83,2113.36,2100.83,2109.41,0
6/7/2016 16:00:00,2110.18,2119.22,2110.18,2112.13,0
6/8/2016 16:00:00,2112.71,2120.55,2112.71,2119.12,0
6/9/2016 16:00:00,2115.65,2117.64,2107.73,2115.48,0
6/10/2016 16:00:00,2109.57,2109.57,2089.96,2096.07,0
6/13/2016 16:00:00,2091.75,2098.12,2078.46,2079.06,0
6/14/2016 16:00:00,2076.65,2081.3,2064.1,2075.32,0
6/15/2016 16:00:00,2078.62,2085.65,2069.8,2071.5,0
6/16/2016 16:00:00,2066.36,2079.62,2050.37,2077.99,0
6/17/2016 16:00:00,2078.2,2078.2,2062.84,2071.22,0
6/20/2016 16:00:00,2075.58,2100.66,2075.58,2083.25,0
6/21/2016 16:00:00,2085.19,2093.66,2083.02,2088.9,0
6/22/2016 16:00:00,2089.75,2099.71,2084.36,2085.45,0
6/23/2016 16:00:00,2092.8,2113.32,2092.8,2113.32,0
6/24/2016 16:00:00,2103.81,2103.81,2032.57,2037.41,0
6/27/2016 16:00:00,2031.45,2031.45,1991.68,2000.54,0
6/28/2016 16:00:00,2006.67,2036.09,2006.67,2036.09,0
6/29/2016 16:00:00,2042.69,2073.13,2042.69,2070.77,0
6/30/2016 16:00:00,2073.17,2098.94,2070,2098.86,0
7/1/2016 16:00:00,2099.34,2108.71,2097.9,2102.95,0
7/5/2016 16:00:00,2095.05,2095.05,2080.86,2088.55,0
7/6/2016 16:00:00,2084.43,2100.72,2074.02,2099.73,0
7/7/2016 16:00:00,2100.42,2109.08,2089.39,2097.9,0
7/8/2016 16:00:00,2106.97,2131.71,2106.97,2129.9,0
7/11/2016 16:00:00,2131.72,2143.16,2131.72,2137.16,0
7/12/2016 16:00:00,2139.5,2155.4,2139.5,2152.14,0
7/13/2016 16:00:00,2153.81,2156.45,2146.21,2152.43,0
7/14/2016 16:00:00,2157.88,2168.99,2157.88,2163.75,0
7/15/2016 16:00:00,2165.13,2169.05,2155.79,2161.74,0
7/18/2016 16:00:00,2162.04,2168.35,2159.63,2166.89,0
7/19/2016 16:00:00,2163.79,2164.63,2159.01,2163.78,0
7/20/2016 16:00:00,2166.1,2175.63,2164.89,2173.02,0
7/21/2016 16:00:00,2172.91,2174.56,2159.75,2165.17,0
7/22/2016 16:00:00,2166.47,2175.11,2163.24,2175.03,0
7/25/2016 16:00:00,2173.71,2173.71,2161.95,2168.48,0
7/26/2016 16:00:00,2168.97,2173.54,2160.18,2169.18,0
7/27/2016 16:00:00,2169.81,2174.98,2159.07,2166.58,0
7/28/2016 16:00:00,2166.05,2172.85,2159.74,2170.06,0
7/29/2016 16:00:00,2168.83,2177.09,2163.49,2173.6,0
8/1/2016 16:00:00,2173.15,2178.29,2166.21,2170.84,0
8/2/2016 16:00:00,2169.94,2170.2,2147.58,2157.03,0
8/3/2016 16:00:00,2156.81,2163.79,2152.56,2163.79,0
8/4/2016 16:00:00,2163.51,2168.19,2159.07,2164.25,0
8/5/2016 16:00:00,2168.79,2182.87,2168.79,2182.87,0
8/8/2016 16:00:00,2183.76,2185.44,2177.85,2180.89,0
8/9/2016 16:00:00,2182.24,2187.66,2178.61,2181.74,0
8/10/2016 16:00:00,2182.81,2183.41,2172,2175.49,0
8/11/2016 16:00:00,2177.97,2188.45,2177.97,2185.79,0
8/12/2016 16:00:00,2183.74,2186.28,2179.42,2184.05,0
8/15/2016 16:00:00,2186.08,2193.81,2186.08,2190.15,0
8/16/2016 16:00:00,2186.24,2186.24,2178.14,2178.15,0
8/17/2016 16:00:00,2177.84,2183.08,2168.5,2182.22,0
8/18/2016 16:00:00,2181.9,2187.03,2180.46,2187.02,0
8/19/2016 16:00:00,2184.24,2185,2175.13,2183.87,0
8/22/2016 16:00:00,2181.58,2185.15,2175.96,2182.64,0
8/23/2016 16:00:00,2187.81,2193.42,2186.8,2186.9,0
8/24/2016 16:00:00,2185.09,2186.66,2171.25,2175.44,0
8/25/2016 16:00:00,2173.29,2179,2169.74,2172.47,0
8/26/2016 16:00:00,2175.1,2187.85,2160.39,2169.04,0
8/29/2016 16:00:00,2170.19,2183.48,2170.19,2180.38,0
8/30/2016 16:00:00,2179.45,2182.27,2170.41,2176.12,0
8/31/2016 16:00:00,2173.56,2173.79,2161.35,2170.95,0
9/1/2016 16:00:00,2171.33,2173.56,2157.09,2170.86,0
9/2/2016 16:00:00,2177.49,2184.87,2173.59,2179.98,0
9/6/2016 16:00:00,2181.61,2186.57,2175.1,2186.48,0
9/7/2016 16:00:00,2185.17,2187.87,2179.07,2186.16,0
9/8/2016 16:00:00,2182.76,2184.94,2177.49,2181.3,0
9/9/2016 16:00:00,2169.08,2169.08,2127.81,2127.81,0
9/12/2016 16:00:00,2120.86,2163.3,2119.12,2159.04,0
9/13/2016 16:00:00,2150.47,2150.47,2120.27,2127.02,0
9/14/2016 16:00:00,2127.86,2141.33,2119.9,2125.77,0
9/15/2016 16:00:00,2125.36,2151.31,2122.36,2147.26,0
9/16/2016 16:00:00,2146.48,2146.48,2131.2,2139.16,0
9/19/2016 16:00:00,2143.99,2153.61,2135.91,2139.12,0
9/20/2016 16:00:00,2145.94,2150.8,2139.17,2139.76,0
9/21/2016 16:00:00,2144.58,2165.11,2139.57,2163.12,0
9/22/2016 16:00:00,2170.94,2179.99,2170.94,2177.18,0
9/23/2016 16:00:00,2173.29,2173.75,2163.97,2164.69,0
9/26/2016 16:00:00,2158.54,2158.54,2145.04,2146.1,0
9/27/2016 16:00:00,2146.04,2161.13,2141.55,2159.93,0
9/28/2016 16:00:00,2161.85,2172.4,2151.79,2171.37,0
9/29/2016 16:00:00,2168.9,2172.67,2145.2,2151.13,0
9/30/2016 16:00:00,2156.51,2175.3,2156.51,2168.27,0
10/3/2016 16:00:00,2164.33,2164.41,2154.77,2161.2,0
10/4/2016 16:00:00,2163.37,2165.46,2144.01,2150.49,0
10/5/2016 16:00:00,2155.15,2163.95,2155.15,2159.73,0
10/6/2016 16:00:00,2158.22,2162.93,2150.28,2160.77,0
10/7/2016 16:00:00,2164.19,2165.86,2144.85,2153.74,0
10/10/2016 16:00:00,2160.39,2169.6,2160.39,2163.66,0
10/11/2016 16:00:00,2161.35,2161.56,2128.84,2136.73,0
10/12/2016 16:00:00,2137.67,2145.36,2132.77,2139.18,0
10/13/2016 16:00:00,2130.26,2138.19,2114.72,2132.55,0
10/14/2016 16:00:00,2139.68,2149.19,2132.98,2132.98,0
10/17/2016 16:00:00,2132.95,2135.61,2124.43,2126.5,0
10/18/2016 16:00:00,2138.31,2144.38,2135.49,2139.6,0
10/19/2016 16:00:00,2140.81,2148.44,2138.15,2144.29,0
10/20/2016 16:00:00,2142.51,2147.18,2133.44,2141.34,0
10/21/2016 16:00:00,2139.43,2142.63,2130.09,2141.16,0
10/24/2016 16:00:00,2148.5,2154.79,2146.91,2151.33,0
10/25/2016 16:00:00,2149.72,2151.44,2141.93,2143.16,0
10/26/2016 16:00:00,2136.97,2145.73,2131.59,2139.43,0
10/27/2016 16:00:00,2144.06,2147.13,2132.52,2133.04,0
10/28/2016 16:00:00,2132.23,2140.72,2119.36,2126.41,0
10/31/2016 16:00:00,2129.78,2133.25,2125.53,2126.15,0
11/1/2016 16:00:00,2128.68,2131.45,2097.85,2111.72,0
11/2/2016 16:00:00,2109.43,2111.76,2094,2097.94,0
11/3/2016 16:00:00,2098.8,2102.56,2085.23,2088.66,0
11/4/2016 16:00:00,2083.79,2099.07,2083.79,2085.18,0
11/7/2016 16:00:00,2100.59,2132,2100.59,2131.52,0
11/8/2016 16:00:00,2129.92,2146.87,2123.56,2139.56,0
11/9/2016 16:00:00,2131.56,2170.1,2125.35,2163.26,0
11/10/2016 16:00:00,2167.49,2182.3,2151.17,2167.48,0
11/11/2016 16:00:00,2162.71,2165.92,2152.49,2164.45,0
11/14/2016 16:00:00,2165.64,2171.36,2156.08,2164.2,0
11/15/2016 16:00:00,2168.29,2180.84,2166.38,2180.39,0
11/16/2016 16:00:00,2177.53,2179.22,2172.2,2176.94,0
11/17/2016 16:00:00,2178.61,2188.06,2176.65,2187.12,0
11/18/2016 16:00:00,2186.85,2189.89,2180.38,2181.9,0
11/21/2016 16:00:00,2186.43,2198.7,2186.43,2198.18,0
11/22/2016 16:00:00,2201.56,2204.8,2194.51,2202.94,0
11/23/2016 16:00:00,2198.55,2204.72,2194.51,2204.72,0
11/25/2016 16:00:00,2206.27,2213.35,2206.27,2213.35,0
11/28/2016 16:00:00,2210.21,2211.14,2200.36,2201.72,0
11/29/2016 16:00:00,2200.76,2210.46,2198.15,2204.66,0
11/30/2016 16:00:00,2204.97,2214.1,2198.81,2198.81,0
12/1/2016 16:00:00,2200.17,2202.6,2187.44,2191.08,0
12/2/2016 16:00:00,2191.12,2197.95,2188.37,2191.95,0
12/5/2016 16:00:00,2200.65,2209.42,2199.97,2204.71,0
12/6/2016 16:00:00,2207.26,2212.78,2202.21,2212.23,0
12/7/2016 16:00:00,2210.72,2241.63,2208.93,2241.35,0
12/8/2016 16:00:00,2241.13,2251.69,2237.57,2246.19,0
12/9/2016 16:00:00,2249.73,2259.8,2249.23,2259.53,0
12/12/2016 16:00:00,2258.83,2264.03,2252.37,2256.96,0
12/13/2016 16:00:00,2263.32,2277.53,2263.32,2271.72,0
12/14/2016 16:00:00,2268.35,2276.2,2248.44,2253.28,0
12/15/2016 16:00:00,2253.77,2272.12,2253.77,2262.03,0
12/16/2016 16:00:00,2266.81,2268.05,2254.24,2258.07,0
12/19/2016 16:00:00,2259.24,2267.47,2258.21,2262.53,0
12/20/2016 16:00:00,2266.5,2272.56,2266.14,2270.76,0
12/21/2016 16:00:00,2270.54,2271.23,2265.15,2265.18,0
12/22/2016 16:00:00,2262.93,2263.18,2256.08,2260.96,0
12/23/2016 16:00:00,2260.25,2263.79,2258.84,2263.79,0
12/27/2016 16:00:00,2266.23,2273.82,2266.15,2268.88,0
12/28/2016 16:00:00,2270.23,2271.31,2249.11,2249.92,0
12/29/2016 16:00:00,2249.5,2254.51,2244.56,2249.26,0
12/30/2016 16:00:00,2251.61,2253.58,2233.62,2238.83,0
1/3/2017 16:00:00,2251.57,2263.88,2245.13,2257.83,0
1/4/2017 16:00:00,2261.6,2272.82,2261.6,2270.75,0
1/5/2017 16:00:00,2268.18,2271.5,2260.45,2269,0
1/6/2017 16:00:00,2271.14,2282.1,2264.06,2276.98,0
1/9/2017 16:00:00,2273.59,2275.49,2268.9,2268.9,0
1/10/2017 16:00:00,2269.72,2279.27,2265.27,2268.9,0
1/11/2017 16:00:00,2268.6,2275.32,2260.83,2275.32,0
1/12/2017 16:00:00,2271.14,2271.78,2254.25,2270.44,0
1/13/2017 16:00:00,2272.74,2278.68,2271.51,2274.64,0
1/17/2017 16:00:00,2269.14,2272.08,2262.81,2267.89,0
1/18/2017 16:00:00,2269.14,2272.01,2263.35,2271.89,0
1/19/2017 16:00:00,2271.9,2274.33,2258.41,2263.69,0
1/20/2017 16:00:00,2269.96,2276.96,2265.01,2271.31,0
1/23/2017 16:00:00,2267.78,2271.78,2257.02,2265.2,0
1/24/2017 16:00:00,2267.88,2284.63,2266.68,2280.07,0
1/25/2017 16:00:00,2288.88,2299.55,2288.88,2298.37,0
1/26/2017 16:00:00,2298.63,2300.99,2294.08,2296.68,0
1/27/2017 16:00:00,2299.02,2299.02,2291.62,2294.69,0
1/30/2017 16:00:00,2286.01,2286.01,2268.04,2280.9,0
1/31/2017 16:00:00,2274.02,2279.09,2267.21,2278.87,0
2/1/2017 16:00:00,2285.59,2289.14,2272.44,2279.55,0
2/2/2017 16:00:00,2276.69,2283.97,2271.65,2280.85,0
2/3/2017 16:00:00,2288.54,2298.31,2287.88,2297.42,0
2/6/2017 16:00:00,2294.28,2296.18,2288.57,2292.56,0
2/7/2017 16:00:00,2295.87,2299.4,2290.16,2293.08,0
2/8/2017 16:00:00,2289.55,2295.91,2285.38,2294.67,0
2/9/2017 16:00:00,2296.7,2311.08,2296.61,2307.87,0
2/10/2017 16:00:00,2312.27,2319.23,2311.1,2316.1,0
2/13/2017 16:00:00,2321.72,2331.58,2321.42,2328.25,0
2/14/2017 16:00:00,2326.12,2337.58,2322.17,2337.58,0
2/15/2017 16:00:00,2335.58,2351.3,2334.81,2349.25,0
2/16/2017 16:00:00,2349.64,2351.31,2338.87,2347.22,0
2/17/2017 16:00:00,2343.01,2351.16,2339.58,2351.16,0
2/21/2017 16:00:00,2354.91,2366.71,2354.91,2365.38,0
2/22/2017 16:00:00,2361.11,2365.13,2358.34,2362.82,0
2/23/2017 16:00:00,2367.5,2368.26,2355.09,2363.81,0
2/24/2017 16:00:00,2355.73,2367.34,2352.87,2367.34,0
2/27/2017 16:00:00,2365.23,2371.54,2361.87,2369.75,0
2/28/2017 16:00:00,2366.08,2367.79,2358.96,2363.64,0
3/1/2017 16:00:00,2380.13,2400.98,2380.13,2395.96,0
3/2/2017 16:00:00,2394.75,2394.75,2380.17,2381.92,0
3/3/2017 16:00:00,2380.92,2383.89,2375.39,2383.12,0
3/6/2017 16:00:00,2375.23,2378.8,2367.98,2375.31,0
3/7/2017 16:00:00,2370.74,2375.12,2365.51,2368.39,0
3/8/2017 16:00:00,2369.81,2373.09,2361.01,2362.98,0
3/9/2017 16:00:00,2363.49,2369.08,2354.54,2364.87,0
3/10/2017 16:00:00,2372.52,2376.86,2363.04,2372.6,0
3/13/2017 16:00:00,2371.56,2374.42,2368.52,2373.47,0
3/14/2017 16:00:00,2368.55,2368.55,2358.18,2365.45,0
3/15/2017 16:00:00,2370.34,2390.01,2368.94,2385.26,0
3/16/2017 16:00:00,2387.71,2388.1,2377.18,2381.38,0
3/17/2017 16:00:00,2383.71,2385.71,2377.64,2378.25,0
3/20/2017 16:00:00,2378.24,2379.55,2369.66,2373.47,0
3/21/2017 16:00:00,2379.32,2381.93,2341.9,2344.02,0
3/22/2017 16:00:00,2343,2351.81,2336.45,2348.45,0
3/23/2017 16:00:00,2345.97,2358.92,2342.13,2345.96,0
3/24/2017 16:00:00,2350.42,2356.22,2335.74,2343.98,0
3/27/2017 16:00:00,2329.11,2344.9,2322.25,2341.59,0
3/28/2017 16:00:00,2339.79,2363.78,2337.63,2358.57,0
3/29/2017 16:00:00,2356.54,2363.36,2352.94,2361.13,0
3/30/2017 16:00:00,2361.31,2370.42,2358.58,2368.06,0
3/31/2017 16:00:00,2364.82,2370.35,2362.6,2362.72,0
4/3/2017 16:00:00,2362.34,2365.87,2344.73,2358.84,0
4/4/2017 16:00:00,2354.76,2360.53,2350.72,2360.16,0
4/5/2017 16:00:00,2366.59,2378.36,2350.52,2352.95,0
4/6/2017 16:00:00,2353.79,2364.16,2348.9,2357.49,0
4/7/2017 16:00:00,2356.59,2363.76,2350.74,2355.54,0
4/10/2017 16:00:00,2357.16,2366.37,2351.5,2357.16,0
4/11/2017 16:00:00,2353.92,2355.22,2337.25,2353.78,0
4/12/2017 16:00:00,2352.15,2352.72,2341.18,2344.93,0
4/13/2017 16:00:00,2341.98,2348.26,2328.95,2328.95,0
4/17/2017 16:00:00,2332.62,2349.14,2332.51,2349.01,0
4/18/2017 16:00:00,2342.53,2348.35,2334.54,2342.19,0
4/19/2017 16:00:00,2346.79,2352.63,2335.05,2338.17,0
4/20/2017 16:00:00,2342.69,2361.37,2340.91,2355.84,0
4/21/2017 16:00:00,2354.74,2356.18,2344.51,2348.69,0
4/24/2017 16:00:00,2370.33,2376.98,2369.19,2374.15,0
4/25/2017 16:00:00,2381.51,2392.48,2381.15,2388.61,0
4/26/2017 16:00:00,2388.98,2398.16,2386.76,2387.45,0
4/27/2017 16:00:00,2389.7,2392.1,2382.68,2388.77,0
4/28/2017 16:00:00,2393.68,2393.68,2382.36,2384.2,0
5/1/2017 16:00:00,2388.5,2394.49,2384.83,2388.33,0
5/2/2017 16:00:00,2391.05,2392.93,2385.82,2391.17,0
5/3/2017 16:00:00,2386.5,2389.82,2379.75,2388.13,0
5/4/2017 16:00:00,2389.79,2391.43,2380.35,2389.52,0
5/5/2017 16:00:00,2392.37,2399.29,2389.38,2399.29,0
5/8/2017 16:00:00,2399.94,2401.36,2393.92,2399.38,0
5/9/2017 16:00:00,2401.58,2403.87,2392.44,2396.92,0
5/10/2017 16:00:00,2396.79,2399.74,2392.79,2399.63,0
5/11/2017 16:00:00,2394.84,2395.72,2381.74,2394.44,0
5/12/2017 16:00:00,2392.44,2392.44,2387.19,2390.9,0
5/15/2017 16:00:00,2393.98,2404.05,2393.94,2402.32,0
5/16/2017 16:00:00,2404.55,2405.77,2396.05,2400.67,0
5/17/2017 16:00:00,2382.95,2384.87,2356.21,2357.03,0
5/18/2017 16:00:00,2354.69,2375.74,2352.72,2365.72,0
5/19/2017 16:00:00,2371.37,2389.06,2370.43,2381.73,0
5/22/2017 16:00:00,2387.21,2395.46,2386.92,2394.02,0
5/23/2017 16:00:00,2397.04,2400.85,2393.88,2398.42,0
5/24/2017 16:00:00,2401.41,2405.58,2397.99,2404.39,0
5/25/2017 16:00:00,2409.54,2418.71,2408.01,2415.07,0
5/26/2017 16:00:00,2414.5,2416.68,2412.2,2415.82,0
5/30/2017 16:00:00,2411.67,2415.26,2409.43,2412.91,0
5/31/2017 16:00:00,2415.63,2415.99,2403.59,2411.8,0
6/1/2017 16:00:00,2415.65,2430.06,2413.54,2430.06,0
6/2/2017 16:00:00,2431.28,2440.23,2427.71,2439.07,0
6/5/2017 16:00:00,2437.83,2439.55,2434.32,2436.1,0
6/6/2017 16:00:00,2431.92,2436.21,2428.12,2429.33,0
6/7/2017 16:00:00,2432.03,2435.28,2424.75,2433.14,0
6/8/2017 16:00:00,2434.27,2439.27,2427.94,2433.79,0
6/9/2017 16:00:00,2436.39,2446.2,2415.7,2431.77,0
6/12/2017 16:00:00,2425.88,2430.38,2419.97,2429.39,0
6/13/2017 16:00:00,2434.15,2441.49,2431.28,2440.35,0
6/14/2017 16:00:00,2443.75,2443.75,2428.34,2437.92,0
6/15/2017 16:00:00,2424.14,2433.95,2418.53,2432.46,0
6/16/2017 16:00:00,2431.24,2433.15,2422.88,2433.15,0
6/19/2017 16:00:00,2442.55,2453.82,2441.79,2453.46,0
6/20/2017 16:00:00,2450.66,2450.66,2436.6,2437.03,0
6/21/2017 16:00:00,2439.31,2442.23,2430.74,2435.61,0
6/22/2017 16:00:00,2437.4,2441.62,2433.27,2434.5,0
6/23/2017 16:00:00,2434.65,2441.4,2431.11,2438.3,0
6/26/2017 16:00:00,2443.32,2450.42,2437.03,2439.07,0
6/27/2017 16:00:00,2436.34,2440.15,2419.38,2419.38,0
6/28/2017 16:00:00,2428.7,2442.97,2428.02,2440.69,0
6/29/2017 16:00:00,2442.38,2442.73,2405.7,2419.7,0
6/30/2017 16:00:00,2428.51,2432.71,2421.65,2423.41,0
7/3/2017 16:00:00,2431.39,2439.17,2428.69,2429.01,0
7/5/2017 16:00:00,2430.78,2434.9,2422.05,2432.54,0
7/6/2017 16:00:00,2423.44,2424.28,2407.7,2409.75,0
7/7/2017 16:00:00,2413.52,2426.92,2413.52,2425.18,0
7/10/2017 16:00:00,2424.51,2432,2422.27,2427.43,0
7/11/2017 16:00:00,2427.35,2429.3,2412.79,2425.53,0
7/12/2017 16:00:00,2435.75,2445.76,2435.75,2443.25,0
7/13/2017 16:00:00,2444.99,2449.32,2441.69,2447.83,0
7/14/2017 16:00:00,2449.16,2463.54,2446.69,2459.27,0
7/17/2017 16:00:00,2459.5,2462.82,2457.16,2459.14,0
7/18/2017 16:00:00,2455.88,2460.92,2450.34,2460.61,0
7/19/2017 16:00:00,2463.85,2473.83,2463.85,2473.83,0
7/20/2017 16:00:00,2475.56,2477.62,2468.43,2473.45,0
7/21/2017 16:00:00,2467.4,2472.54,2465.06,2472.54,0
7/24/2017 16:00:00,2472.04,2473.1,2466.32,2469.91,0
7/25/2017 16:00:00,2477.88,2481.24,2474.91,2477.13,0
7/26/2017 16:00:00,2479.97,2481.69,2474.94,2477.83,0
7/27/2017 16:00:00,2482.76,2484.04,2459.93,2475.42,0
7/28/2017 16:00:00,2469.12,2473.53,2464.66,2472.1,0
7/31/2017 16:00:00,2475.94,2477.96,2468.53,2470.3,0
8/1/2017 16:00:00,2477.1,2478.51,2471.14,2476.35,0
8/2/2017 16:00:00,2480.38,2480.38,2466.48,2477.57,0
8/3/2017 16:00:00,2476.03,2476.03,2468.85,2472.16,0
8/4/2017 16:00:00,2476.88,2480,2472.08,2476.83,0
8/7/2017 16:00:00,2477.14,2480.95,2475.88,2480.91,0
8/8/2017 16:00:00,2478.35,2490.87,2470.32,2474.92,0
8/9/2017 16:00:00,2465.35,2474.41,2462.08,2474.02,0
8/10/2017 16:00:00,2465.38,2465.38,2437.75,2438.21,0
8/11/2017 16:00:00,2441.04,2448.09,2437.85,2441.32,0
8/14/2017 16:00:00,2454.96,2468.22,2454.96,2465.84,0
8/15/2017 16:00:00,2468.66,2468.9,2461.61,2464.61,0
8/16/2017 16:00:00,2468.63,2474.93,2463.86,2468.11,0
8/17/2017 16:00:00,2462.95,2465.02,2430.01,2430.01,0
8/18/2017 16:00:00,2427.64,2440.27,2420.69,2425.55,0
8/21/2017 16:00:00,2425.5,2430.58,2417.35,2428.37,0
8/22/2017 16:00:00,2433.75,2454.77,2433.67,2452.51,0
8/23/2017 16:00:00,2444.88,2448.91,2441.42,2444.04,0
8/24/2017 16:00:00,2447.91,2450.39,2436.31,2438.97,0
8/25/2017 16:00:00,2444.72,2453.96,2442.22,2443.05,0
8/28/2017 16:00:00,2447.35,2449.12,2439.03,2444.24,0
8/29/2017 16:00:00,2431.94,2449.19,2428.2,2446.3,0
8/30/2017 16:00:00,2446.06,2460.31,2443.77,2457.59,0
8/31/2017 16:00:00,2462.65,2475.01,2462.65,2471.65,0
9/1/2017 16:00:00,2474.42,2480.38,2473.85,2476.55,0
9/5/2017 16:00:00,2470.35,2471.97,2446.55,2457.85,0
9/6/2017 16:00:00,2463.83,2469.64,2459.2,2465.54,0
9/7/2017 16:00:00,2468.06,2468.62,2460.29,2465.1,0
9/8/2017 16:00:00,2462.25,2467.11,2459.4,2461.43,0
9/11/2017 16:00:00,2474.52,2488.95,2474.52,2488.11,0
9/12/2017 16:00:00,2491.94,2496.77,2490.37,2496.48,0
9/13/2017 16:00:00,2493.89,2498.37,2492.14,2498.37,0
9/14/2017 16:00:00,2494.56,2498.43,2491.35,2495.62,0
9/15/2017 16:00:00,2495.67,2500.23,2493.16,2500.23,0
9/18/2017 16:00:00,2502.51,2508.32,2499.92,2503.87,0
9/19/2017 16:00:00,2506.29,2507.84,2503.19,2506.65,0
9/20/2017 16:00:00,2506.84,2508.85,2496.67,2508.24,0
9/21/2017 16:00:00,2507.16,2507.16,2499,2500.6,0
9/22/2017 16:00:00,2497.26,2503.47,2496.54,2502.22,0
9/25/2017 16:00:00,2499.39,2502.54,2488.03,2496.66,0
9/26/2017 16:00:00,2501.04,2503.51,2495.12,2496.84,0
9/27/2017 16:00:00,2503.3,2511.75,2495.91,2507.04,0
9/28/2017 16:00:00,2503.41,2510.81,2502.93,2510.06,0
9/29/2017 16:00:00,2509.96,2519.44,2509.11,2519.36,0
10/2/2017 16:00:00,2521.2,2529.23,2520.4,2529.12,0
10/3/2017 16:00:00,2530.34,2535.13,2528.85,2534.58,0
10/4/2017 16:00:00,2533.48,2540.53,2531.8,2537.74,0
10/5/2017 16:00:00,2540.86,2552.51,2540.02,2552.07,0
10/6/2017 16:00:00,2547.44,2549.41,2543.79,2549.33,0
10/9/2017 16:00:00,2551.39,2551.82,2541.6,2544.73,0
10/10/2017 16:00:00,2549.99,2555.23,2544.86,2550.64,0
10/11/2017 16:00:00,2550.62,2555.24,2547.95,2555.24,0
10/12/2017 16:00:00,2552.88,2555.33,2548.31,2550.93,0
10/13/2017 16:00:00,2555.66,2557.65,2552.09,2553.17,0
10/16/2017 16:00:00,2555.57,2559.47,2552.64,2557.64,0
10/17/2017 16:00:00,2557.17,2559.71,2554.69,2559.36,0
10/18/2017 16:00:00,2562.87,2564.11,2559.67,2561.26,0
10/19/2017 16:00:00,2553.39,2562.36,2547.92,2562.1,0
10/20/2017 16:00:00,2567.56,2575.44,2567.56,2575.21,0
10/23/2017 16:00:00,2578.08,2578.29,2564.33,2564.98,0
10/24/2017 16:00:00,2568.66,2572.18,2565.58,2569.13,0
10/25/2017 16:00:00,2566.52,2567.4,2544,2557.15,0
10/26/2017 16:00:00,2560.08,2567.07,2559.8,2560.4,0
10/27/2017 16:00:00,2570.26,2582.98,2565.94,2581.07,0
10/30/2017 16:00:00,2577.75,2580.03,2568.25,2572.83,0
10/31/2017 16:00:00,2575.99,2578.29,2572.15,2575.26,0
11/1/2017 16:00:00,2583.21,2588.4,2574.92,2579.36,0
11/2/2017 16:00:00,2579.46,2581.11,2566.17,2579.85,0
11/3/2017 16:00:00,2581.93,2588.42,2576.77,2587.84,0
11/6/2017 16:00:00,2587.47,2593.38,2585.66,2591.13,0
11/7/2017 16:00:00,2592.11,2597.02,2584.35,2590.64,0
11/8/2017 16:00:00,2588.71,2595.47,2585.02,2594.38,0
11/9/2017 16:00:00,2584,2586.5,2566.33,2584.62,0
11/10/2017 16:00:00,2580.18,2583.81,2575.57,2582.3,0
11/13/2017 16:00:00,2576.53,2587.66,2574.48,2584.84,0
11/14/2017 16:00:00,2577.75,2579.66,2566.56,2578.87,0
11/15/2017 16:00:00,2569.45,2572.84,2557.45,2564.62,0
11/16/2017 16:00:00,2572.95,2590.09,2572.95,2585.64,0
11/17/2017 16:00:00,2582.94,2583.96,2577.62,2578.85,0
11/20/2017 16:00:00,2579.49,2584.64,2578.24,2582.14,0
11/21/2017 16:00:00,2589.17,2601.19,2589.17,2599.03,0
11/22/2017 16:00:00,2600.31,2600.94,2595.23,2597.08,0
11/24/2017 13:00:00,2600.42,2604.21,2600.42,2602.42,0
11/27/2017 16:00:00,2602.66,2606.41,2598.87,2601.42,0
11/28/2017 16:00:00,2605.94,2627.69,2605.44,2627.04,0
11/29/2017 16:00:00,2627.82,2634.89,2620.32,2626.07,0
11/30/2017 16:00:00,2633.93,2657.74,2633.93,2647.58,0
12/1/2017 16:00:00,2645.1,2650.62,2605.52,2642.22,0
12/4/2017 16:00:00,2657.19,2665.19,2639.03,2639.44,0
12/5/2017 16:00:00,2639.78,2648.72,2627.73,2629.57,0
12/6/2017 16:00:00,2626.24,2634.41,2624.83,2629.27,0
12/7/2017 16:00:00,2628.38,2640.99,2626.53,2636.98,0
12/8/2017 16:00:00,2646.21,2651.65,2644.1,2651.5,0
12/11/2017 16:00:00,2652.19,2660.33,2651.47,2659.99,0
12/12/2017 16:00:00,2661.73,2669.72,2659.78,2664.11,0
12/13/2017 16:00:00,2667.59,2671.88,2662.85,2662.85,0
12/14/2017 16:00:00,2665.87,2668.09,2652.01,2652.01,0
12/15/2017 16:00:00,2660.63,2679.63,2659.14,2675.81,0
12/18/2017 16:00:00,2685.92,2694.97,2685.92,2690.16,0
12/19/2017 16:00:00,2692.71,2694.44,2680.74,2681.47,0
12/20/2017 16:00:00,2688.18,2691.01,2676.11,2679.25,0
12/21/2017 16:00:00,2683.02,2692.64,2682.4,2684.57,0
12/22/2017 16:00:00,2684.22,2685.35,2678.13,2683.34,0
12/26/2017 16:00:00,2679.09,2682.74,2677.96,2680.5,0
12/27/2017 16:00:00,2682.1,2685.64,2678.91,2682.62,0
12/28/2017 16:00:00,2686.1,2687.66,2682.69,2687.54,0
12/29/2017 16:00:00,2689.15,2692.12,2673.61,2673.61,0
1/2/2018 16:00:00,2683.73,2695.89,2682.36,2695.81,0
1/3/2018 16:00:00,2697.85,2714.37,2697.77,2713.06,0
1/4/2018 16:00:00,2719.31,2729.29,2719.07,2723.99,0
1/5/2018 16:00:00,2731.33,2743.45,2727.92,2743.15,0
1/8/2018 16:00:00,2742.67,2748.51,2737.6,2747.71,0
1/9/2018 16:00:00,2751.15,2759.14,2747.86,2751.29,0
1/10/2018 16:00:00,2745.55,2750.8,2736.06,2748.23,0
1/11/2018 16:00:00,2752.97,2767.56,2752.78,2767.56,0
1/12/2018 16:00:00,2770.18,2787.85,2769.64,2786.24,0
1/16/2018 16:00:00,2798.96,2807.54,2768.64,2776.42,0
1/17/2018 16:00:00,2784.99,2807.04,2778.38,2802.56,0
1/18/2018 16:00:00,2802.4,2805.83,2792.56,2798.03,0
1/19/2018 16:00:00,2802.6,2810.33,2798.08,2810.3,0
1/22/2018 16:00:00,2809.16,2833.03,2808.12,2832.97,0
1/23/2018 16:00:00,2835.05,2842.24,2830.59,2839.13,0
1/24/2018 16:00:00,2845.42,2852.97,2824.81,2837.54,0
1/25/2018 16:00:00,2846.24,2848.56,2830.94,2839.25,0
1/26/2018 16:00:00,2847.48,2872.87,2846.18,2872.87,0
1/29/2018 16:00:00,2867.23,2870.62,2851.48,2853.53,0
1/30/2018 16:00:00,2832.74,2837.75,2818.27,2822.43,0
1/31/2018 16:00:00,2832.41,2839.26,2813.04,2823.81,0
2/1/2018 16:00:00,2816.45,2835.96,2812.7,2821.98,0
2/2/2018 16:00:00,2808.92,2808.92,2759.97,2762.13,0
2/5/2018 16:00:00,2741.06,2763.39,2638.17,2648.94,0
2/6/2018 16:00:00,2614.78,2701.04,2593.6,2695.14,0
2/7/2018 16:00:00,2690.95,2727.67,2681.33,2681.66,0
2/8/2018 16:00:00,2685.01,2685.27,2580.56,2581,0
2/9/2018 16:00:00,2601.78,2638.67,2532.69,2619.55,0
2/12/2018 16:00:00,2636.75,2672.61,2622.45,2656,0
2/13/2018 16:00:00,2646.27,2668.84,2637.08,2662.94,0
2/14/2018 16:00:00,2651.21,2702.1,2648.89,2698.63,0
2/15/2018 16:00:00,2713.46,2731.51,2689.82,2731.2,0
2/16/2018 16:00:00,2727.14,2754.42,2725.11,2732.22,0
2/20/2018 16:00:00,2722.99,2737.6,2706.76,2716.26,0
2/21/2018 16:00:00,2720.53,2747.75,2701.29,2701.33,0
2/22/2018 16:00:00,2710.42,2731.26,2697.77,2703.96,0
2/23/2018 16:00:00,2715.8,2747.76,2713.74,2747.3,0
2/26/2018 16:00:00,2757.37,2780.64,2753.78,2779.6,0
2/27/2018 16:00:00,2780.45,2789.15,2744.22,2744.28,0
2/28/2018 16:00:00,2753.78,2761.52,2713.54,2713.83,0
3/1/2018 16:00:00,2715.22,2730.89,2659.65,2677.67,0
3/2/2018 16:00:00,2658.89,2696.25,2647.32,2691.25,0
3/5/2018 16:00:00,2681.06,2728.09,2675.75,2720.94,0
3/6/2018 16:00:00,2730.18,2732.08,2711.26,2728.12,0
3/7/2018 16:00:00,2710.18,2730.6,2701.74,2726.8,0
3/8/2018 16:00:00,2732.75,2740.45,2722.65,2738.97,0
3/9/2018 16:00:00,2752.91,2786.57,2751.54,2786.57,0
3/12/2018 16:00:00,2790.54,2796.98,2779.26,2783.02,0
3/13/2018 16:00:00,2792.31,2801.9,2758.68,2765.31,0
3/14/2018 16:00:00,2774.06,2777.11,2744.38,2749.48,0
3/15/2018 16:00:00,2754.27,2763.03,2741.47,2747.33,0
3/16/2018 16:00:00,2750.57,2761.85,2749.97,2752.01,0
3/19/2018 16:00:00,2741.38,2741.38,2694.59,2712.92,0
3/20/2018 16:00:00,2715.05,2724.22,2710.05,2716.94,0
3/21/2018 16:00:00,2714.99,2739.14,2709.79,2711.93,0
3/22/2018 16:00:00,2691.36,2695.68,2641.59,2643.69,0
3/23/2018 16:00:00,2646.71,2657.67,2585.89,2588.26,0
3/26/2018 16:00:00,2619.35,2661.36,2601.81,2658.55,0
3/27/2018 16:00:00,2667.57,2674.78,2596.12,2612.62,0
3/28/2018 16:00:00,2611.3,2632.65,2593.06,2605,0
3/29/2018 16:00:00,2614.41,2659.07,2609.72,2640.87,0
4/2/2018 16:00:00,2633.45,2638.3,2553.8,2581.88,0
4/3/2018 16:00:00,2592.17,2619.14,2575.49,2614.45,0
4/4/2018 16:00:00,2584.04,2649.86,2573.61,2644.69,0
4/5/2018 16:00:00,2657.36,2672.08,2649.58,2662.84,0
4/6/2018 16:00:00,2645.82,2656.88,2586.27,2604.47,0
4/9/2018 16:00:00,2617.18,2653.55,2610.79,2613.16,0
4/10/2018 16:00:00,2638.41,2665.45,2635.78,2656.87,0
4/11/2018 16:00:00,2643.89,2661.43,2639.25,2642.19,0
4/12/2018 16:00:00,2653.83,2674.72,2653.83,2663.99,0
4/13/2018 16:00:00,2676.9,2680.26,2645.05,2656.3,0
4/16/2018 16:00:00,2670.1,2686.49,2665.16,2677.84,0
4/17/2018 16:00:00,2692.74,2713.34,2692.05,2706.39,0
4/18/2018 16:00:00,2710.11,2717.49,2703.63,2708.64,0
4/19/2018 16:00:00,2701.16,2702.84,2681.9,2693.13,0
4/20/2018 16:00:00,2692.56,2693.94,2660.61,2670.14,0
4/23/2018 16:00:00,2675.4,2682.86,2657.99,2670.29,0
4/24/2018 16:00:00,2680.8,2683.55,2617.32,2634.56,0
4/25/2018 16:00:00,2634.92,2645.3,2612.67,2639.4,0
4/26/2018 16:00:00,2651.65,2676.48,2647.16,2666.94,0
4/27/2018 16:00:00,2675.47,2677.35,2659.01,2669.91,0
4/30/2018 16:00:00,2675.05,2682.92,2648.04,2648.05,0
5/1/2018 16:00:00,2643.64,2655.27,2625.41,2654.8,0
5/2/2018 16:00:00,2654.24,2660.87,2631.7,2635.67,0
5/3/2018 16:00:00,2628.08,2637.14,2594.62,2629.73,0
5/4/2018 16:00:00,2621.45,2670.93,2615.32,2663.42,0
5/7/2018 16:00:00,2669.36,2683.35,2664.7,2672.63,0
5/8/2018 16:00:00,2670.26,2676.34,2655.2,2671.92,0
5/9/2018 16:00:00,2678.12,2701.27,2674.14,2697.79,0
5/10/2018 16:00:00,2705.02,2726.11,2704.54,2723.07,0
5/11/2018 16:00:00,2722.7,2732.86,2717.45,2727.72,0
5/14/2018 16:00:00,2733.37,2742.1,2725.47,2730.13,0
5/15/2018 16:00:00,2718.59,2718.59,2701.91,2711.45,0
5/16/2018 16:00:00,2712.62,2727.76,2712.17,2722.46,0
5/17/2018 16:00:00,2719.71,2731.96,2711.36,2720.13,0
5/18/2018 16:00:00,2717.35,2719.5,2709.18,2712.97,0
5/21/2018 16:00:00,2725.95,2739.19,2725.7,2733.01,0
5/22/2018 16:00:00,2738.34,2742.24,2721.88,2724.44,0
5/23/2018 16:00:00,2713.98,2733.33,2709.54,2733.29,0
5/24/2018 16:00:00,2730.94,2731.97,2707.38,2727.76,0
5/25/2018 16:00:00,2723.6,2727.36,2714.99,2721.33,0
5/29/2018 16:00:00,2705.11,2710.67,2676.81,2689.86,0
5/30/2018 16:00:00,2702.43,2729.34,2702.43,2724.01,0
5/31/2018 16:00:00,2720.98,2722.5,2700.68,2705.27,0
6/1/2018 16:00:00,2718.7,2736.93,2718.7,2734.62,0
6/4/2018 16:00:00,2741.67,2749.16,2740.54,2746.87,0
6/5/2018 16:00:00,2748.46,2752.61,2739.51,2748.8,0
6/6/2018 16:00:00,2753.25,2772.39,2748.46,2772.35,0
6/7/2018 16:00:00,2774.84,2779.9,2760.16,2770.37,0
6/8/2018 16:00:00,2765.84,2779.39,2763.59,2779.03,0
6/11/2018 16:00:00,2780.18,2790.21,2780.17,2782,0
6/12/2018 16:00:00,2785.6,2789.8,2778.78,2786.85,0
6/13/2018 16:00:00,2787.94,2791.47,2774.65,2775.63,0
6/14/2018 16:00:00,2783.21,2789.06,2776.52,2782.49,0
6/15/2018 16:00:00,2777.78,2782.81,2761.73,2779.66,0
6/18/2018 16:00:00,2765.79,2774.99,2757.12,2773.75,0
6/19/2018 16:00:00,2752.01,2765.05,2743.19,2762.59,0
6/20/2018 16:00:00,2769.73,2774.86,2763.91,2767.32,0
6/21/2018 16:00:00,2769.28,2769.28,2744.39,2749.76,0
6/22/2018 16:00:00,2760.79,2764.17,2752.68,2754.88,0
6/25/2018 16:00:00,2742.94,2742.94,2698.67,2717.07,0
6/26/2018 16:00:00,2722.12,2732.91,2715.6,2723.06,0
6/27/2018 16:00:00,2728.45,2746.09,2699.38,2699.63,0
6/28/2018 16:00:00,2698.69,2724.34,2691.99,2716.31,0
6/29/2018 16:00:00,2727.13,2743.26,2718.03,2718.37,0
7/2/2018 16:00:00,2704.95,2727.26,2698.95,2726.71,0
7/3/2018 13:00:00,2733.27,2736.58,2711.16,2713.22,0
7/5/2018 16:00:00,2724.19,2737.83,2716.02,2736.61,0
7/6/2018 16:00:00,2737.68,2764.41,2733.52,2759.82,0
7/9/2018 16:00:00,2768.51,2784.65,2768.51,2784.17,0
7/10/2018 16:00:00,2788.56,2795.58,2786.24,2793.84,0
7/11/2018 16:00:00,2779.82,2785.91,2770.77,2774.02,0
7/12/2018 16:00:00,2783.14,2799.22,2781.53,2798.29,0
7/13/2018 16:00:00,2796.93,2804.53,2791.69,2801.31,0
7/16/2018 16:00:00,2801.43,2803.71,2793.39,2798.43,0
7/17/2018 16:00:00,2789.34,2814.19,2789.24,2809.55,0
7/18/2018 16:00:00,2811.35,2816.76,2805.89,2815.62,0
7/19/2018 16:00:00,2809.37,2812.05,2799.77,2804.49,0
7/20/2018 16:00:00,2804.55,2809.7,2800.01,2801.83,0
7/23/2018 16:00:00,2799.17,2808.61,2795.14,2806.98,0
7/24/2018 16:00:00,2820.68,2829.99,2811.12,2820.4,0
7/25/2018 16:00:00,2817.73,2848.03,2817.73,2846.07,0
7/26/2018 16:00:00,2835.49,2845.57,2835.26,2837.44,0
7/27/2018 16:00:00,2842.35,2843.17,2808.34,2818.82,0
7/30/2018 16:00:00,2819,2821.74,2798.11,2802.6,0
7/31/2018 16:00:00,2809.73,2824.46,2808.06,2816.29,0
8/1/2018 16:00:00,2821.17,2825.83,2805.85,2813.36,0
8/2/2018 16:00:00,2800.48,2829.91,2796.34,2827.22,0
8/3/2018 16:00:00,2829.62,2840.38,2827.37,2840.35,0
8/6/2018 16:00:00,2840.29,2853.29,2835.98,2850.4,0
8/7/2018 16:00:00,2855.92,2863.43,2855.92,2858.45,0
8/8/2018 16:00:00,2856.79,2862.44,2853.09,2857.7,0
8/9/2018 16:00:00,2857.19,2862.48,2851.98,2853.58,0
8/10/2018 16:00:00,2839.64,2842.2,2825.81,2833.28,0
8/13/2018 16:00:00,2835.46,2843.4,2819.88,2821.93,0
8/14/2018 16:00:00,2827.88,2843.11,2826.58,2839.96,0
8/15/2018 16:00:00,2827.95,2827.95,2802.49,2818.37,0
8/16/2018 16:00:00,2831.44,2850.49,2831.44,2840.69,0
8/17/2018 16:00:00,2838.32,2855.63,2833.73,2850.13,0
8/20/2018 16:00:00,2853.93,2859.76,2850.62,2857.05,0
8/21/2018 16:00:00,2862.52,2873.23,2861.32,2862.96,0
8/22/2018 16:00:00,2860.99,2867.54,2856.05,2861.82,0
8/23/2018 16:00:00,2860.29,2868.78,2854.03,2856.98,0
8/24/2018 16:00:00,2862.35,2876.16,2862.35,2874.69,0
8/27/2018 16:00:00,2884.69,2898.25,2884.69,2896.74,0
8/28/2018 16:00:00,2901.45,2903.77,2893.5,2897.52,0
8/29/2018 16:00:00,2900.62,2916.5,2898.4,2914.04,0
8/30/2018 16:00:00,2908.94,2912.46,2895.22,2901.13,0
8/31/2018 16:00:00,2898.37,2906.32,2891.73,2901.52,0
9/4/2018 16:00:00,2896.96,2900.18,2885.13,2896.72,0
9/5/2018 16:00:00,2891.59,2894.21,2876.92,2888.6,0
9/6/2018 16:00:00,2888.64,2892.05,2867.29,2878.05,0
9/7/2018 16:00:00,2868.26,2883.81,2864.12,2871.68,0
9/10/2018 16:00:00,2881.39,2886.93,2875.94,2877.13,0
9/11/2018 16:00:00,2871.57,2892.52,2866.78,2887.89,0
9/12/2018 16:00:00,2888.29,2894.65,2879.2,2888.92,0
9/13/2018 16:00:00,2896.85,2906.76,2896.39,2904.18,0
9/14/2018 16:00:00,2906.38,2908.3,2895.77,2904.98,0
9/17/2018 16:00:00,2903.83,2904.65,2886.16,2888.8,0
9/18/2018 16:00:00,2890.74,2911.17,2890.43,2904.31,0
9/19/2018 16:00:00,2906.6,2912.36,2903.82,2907.95,0
9/20/2018 16:00:00,2919.73,2934.8,2919.73,2930.75,0
9/21/2018 16:00:00,2936.76,2940.91,2927.11,2929.67,0
9/24/2018 16:00:00,2921.83,2923.79,2912.63,2919.37,0
9/25/2018 16:00:00,2921.75,2923.95,2913.7,2915.56,0
9/26/2018 16:00:00,2916.98,2931.15,2903.28,2905.97,0
9/27/2018 16:00:00,2911.65,2927.22,2909.27,2914,0
9/28/2018 16:00:00,2910.03,2920.53,2907.5,2913.98,0
10/1/2018 16:00:00,2926.29,2937.06,2917.91,2924.59,0
10/2/2018 16:00:00,2923.8,2931.42,2919.37,2923.43,0
10/3/2018 16:00:00,2931.69,2939.86,2921.36,2925.51,0
10/4/2018 16:00:00,2919.35,2919.78,2883.92,2901.61,0
10/5/2018 16:00:00,2902.54,2909.64,2869.29,2885.57,0
10/8/2018 16:00:00,2877.53,2889.45,2862.08,2884.43,0
10/9/2018 16:00:00,2882.51,2894.83,2874.27,2880.34,0
10/10/2018 16:00:00,2873.9,2874.02,2784.86,2785.68,0
10/11/2018 16:00:00,2776.87,2795.14,2710.51,2728.37,0
10/12/2018 16:00:00,2770.54,2775.77,2729.44,2767.13,0
10/15/2018 16:00:00,2763.83,2775.99,2749.03,2750.79,0
10/16/2018 16:00:00,2767.05,2813.46,2766.91,2809.92,0
10/17/2018 16:00:00,2811.67,2816.94,2781.81,2809.21,0
10/18/2018 16:00:00,2802,2806.04,2755.18,2768.78,0
10/19/2018 16:00:00,2775.66,2797.77,2760.27,2767.78,0
10/22/2018 16:00:00,2773.94,2778.94,2749.22,2755.88,0
10/23/2018 16:00:00,2721.03,2753.59,2691.43,2740.69,0
10/24/2018 16:00:00,2737.87,2742.59,2651.89,2656.1,0
10/25/2018 16:00:00,2674.88,2722.7,2667.84,2705.57,0
10/26/2018 16:00:00,2667.86,2692.38,2628.16,2658.69,0
10/29/2018 16:00:00,2682.65,2706.85,2603.54,2641.25,0
10/30/2018 16:00:00,2640.68,2685.43,2635.34,2682.63,0
10/31/2018 16:00:00,2705.6,2736.69,2705.6,2711.74,0
11/1/2018 16:00:00,2717.58,2741.67,2708.85,2740.37,0
11/2/2018 16:00:00,2745.45,2756.55,2700.44,2723.06,0
11/5/2018 16:00:00,2726.37,2744.27,2717.94,2738.31,0
11/6/2018 16:00:00,2738.4,2756.82,2737.08,2755.45,0
11/7/2018 16:00:00,2774.13,2815.15,2774.13,2813.89,0
11/8/2018 16:00:00,2806.38,2814.75,2794.99,2806.83,0
11/9/2018 16:00:00,2794.1,2794.1,2764.24,2781.01,0
11/12/2018 16:00:00,2773.93,2775.99,2722,2726.22,0
11/13/2018 16:00:00,2730.05,2754.6,2714.98,2722.18,0
11/14/2018 16:00:00,2737.9,2746.8,2685.75,2701.58,0
11/15/2018 16:00:00,2693.52,2735.38,2670.75,2730.2,0
11/16/2018 16:00:00,2718.54,2746.75,2712.16,2736.27,0
11/19/2018 16:00:00,2730.74,2733.16,2681.09,2690.73,0
11/20/2018 16:00:00,2654.6,2669.44,2631.52,2641.89,0
11/21/2018 16:00:00,2657.74,2670.73,2649.82,2649.93,0
11/23/2018 13:00:00,2633.36,2647.55,2631.09,2632.56,0
11/26/2018 16:00:00,2649.97,2674.35,2649.97,2673.45,0
11/27/2018 16:00:00,2663.75,2682.53,2655.89,2682.17,0
11/28/2018 16:00:00,2691.45,2744,2684.38,2743.79,0
11/29/2018 16:00:00,2736.97,2753.75,2722.94,2737.76,0
11/30/2018 16:00:00,2737.76,2760.88,2732.76,2760.17,0
12/3/2018 16:00:00,2790.5,2800.18,2773.38,2790.37,0
12/4/2018 16:00:00,2782.43,2785.93,2697.18,2700.06,0
12/6/2018 16:00:00,2663.51,2696.15,2621.53,2695.95,0
12/7/2018 16:00:00,2691.26,2708.54,2623.14,2633.08,0
12/10/2018 16:00:00,2630.86,2647.51,2583.23,2637.72,0
12/11/2018 16:00:00,2664.44,2674.35,2621.3,2636.78,0
12/12/2018 16:00:00,2658.23,2685.44,2650.26,2651.07,0
12/13/2018 16:00:00,2658.7,2670.19,2637.27,2650.54,0
12/14/2018 16:00:00,2629.68,2635.07,2593.84,2599.95,0
12/17/2018 16:00:00,2590.75,2601.13,2530.54,2545.94,0
12/18/2018 16:00:00,2559.9,2573.99,2528.71,2546.16,0
12/19/2018 16:00:00,2547.05,2585.29,2488.96,2506.96,0
12/20/2018 16:00:00,2496.77,2509.63,2441.18,2467.42,0
12/21/2018 16:00:00,2465.38,2504.41,2408.55,2416.62,0
12/24/2018 13:00:00,2400.56,2410.34,2351.1,2351.1,0
12/26/2018 16:00:00,2363.12,2467.76,2346.58,2467.7,0
12/27/2018 16:00:00,2442.5,2489.1,2397.94,2488.83,0
12/28/2018 16:00:00,2498.77,2520.27,2472.89,2485.74,0
12/31/2018 16:00:00,2498.94,2509.24,2482.82,2506.85,0
1/2/2019 16:00:00,2476.96,2519.49,2467.47,2510.03,0
1/3/2019 16:00:00,2491.92,2493.14,2443.96,2447.89,0
1/4/2019 16:00:00,2474.33,2538.07,2474.33,2531.94,0
1/7/2019 16:00:00,2535.61,2566.16,2524.56,2549.69,0
1/8/2019 16:00:00,2568.11,2579.82,2547.56,2574.41,0
1/9/2019 16:00:00,2580,2595.32,2568.89,2584.96,0
1/10/2019 16:00:00,2573.51,2597.82,2562.02,2596.64,0
1/11/2019 16:00:00,2588.11,2596.27,2577.4,2596.26,0
1/14/2019 16:00:00,2580.31,2589.32,2570.41,2582.61,0
1/15/2019 16:00:00,2585.1,2613.08,2585.1,2610.3,0
1/16/2019 16:00:00,2614.75,2625.76,2612.68,2616.1,0
1/17/2019 16:00:00,2609.28,2645.06,2606.36,2635.96,0
1/18/2019 16:00:00,2651.27,2675.47,2647.58,2670.71,0
1/22/2019 16:00:00,2657.88,2657.88,2617.27,2632.9,0
1/23/2019 16:00:00,2643.48,2653.19,2612.86,2638.7,0
1/24/2019 16:00:00,2638.84,2647.2,2627.01,2642.33,0
1/25/2019 16:00:00,2657.44,2672.38,2657.33,2664.76,0
1/28/2019 16:00:00,2644.97,2644.97,2624.06,2643.85,0
1/29/2019 16:00:00,2644.89,2650.93,2631.05,2640,0
1/30/2019 16:00:00,2653.62,2690.44,2648.34,2681.05,0
1/31/2019 16:00:00,2685.49,2708.95,2678.65,2704.1,0
2/1/2019 16:00:00,2702.32,2716.66,2696.88,2706.53,0
2/4/2019 16:00:00,2706.49,2724.99,2698.75,2724.87,0
2/5/2019 16:00:00,2728.34,2738.98,2724.03,2737.7,0
2/6/2019 16:00:00,2735.05,2738.08,2724.15,2731.61,0
2/7/2019 16:00:00,2717.53,2719.32,2687.26,2706.05,0
2/8/2019 16:00:00,2692.36,2708.07,2681.83,2707.88,0
2/11/2019 16:00:00,2712.4,2718.05,2703.79,2709.8,0
2/12/2019 16:00:00,2722.61,2748.19,2722.61,2744.73,0
2/13/2019 16:00:00,2750.3,2761.85,2748.63,2753.03,0
2/14/2019 16:00:00,2743.5,2757.9,2731.23,2745.73,0
2/15/2019 16:00:00,2760.24,2775.66,2760.24,2775.6,0
2/19/2019 16:00:00,2769.28,2787.33,2767.29,2779.76,0
2/20/2019 16:00:00,2779.05,2789.88,2774.06,2784.7,0
2/21/2019 16:00:00,2780.24,2781.58,2764.55,2774.88,0
2/22/2019 16:00:00,2780.67,2794.2,2779.11,2792.67,0
2/25/2019 16:00:00,2804.35,2813.49,2794.99,2796.11,0
2/26/2019 16:00:00,2792.36,2803.12,2789.47,2793.9,0
2/27/2019 16:00:00,2787.5,2795.76,2775.13,2792.38,0
2/28/2019 16:00:00,2788.11,2793.73,2782.51,2784.49,0
3/1/2019 16:00:00,2798.22,2808.02,2787.38,2803.69,0
3/4/2019 16:00:00,2814.37,2816.88,2767.66,2792.81,0
3/5/2019 16:00:00,2794.41,2796.44,2782.97,2789.65,0
3/6/2019 16:00:00,2790.27,2790.27,2768.69,2771.45,0
3/7/2019 16:00:00,2766.53,2767.25,2739.09,2748.93,0
3/8/2019 16:00:00,2730.79,2744.13,2722.27,2743.07,0
3/11/2019 16:00:00,2747.61,2784,2747.61,2783.3,0
3/12/2019 16:00:00,2787.34,2798.32,2786.73,2791.52,0
3/13/2019 16:00:00,2799.78,2821.24,2799.78,2810.92,0
3/14/2019 16:00:00,2810.38,2815,2803.46,2808.48,0
3/15/2019 16:00:00,2810.79,2830.73,2810.79,2822.48,0
3/18/2019 16:00:00,2822.61,2835.41,2821.99,2832.94,0
3/19/2019 16:00:00,2840.76,2852.42,2823.27,2832.57,0
3/20/2019 16:00:00,2831.34,2843.54,2812.43,2824.23,0
3/21/2019 16:00:00,2819.72,2860.31,2817.38,2854.88,0
3/22/2019 16:00:00,2844.52,2846.16,2800.47,2800.71,0
3/25/2019 16:00:00,2796.01,2809.79,2785.02,2798.36,0
3/26/2019 16:00:00,2812.66,2829.87,2803.99,2818.46,0
3/27/2019 16:00:00,2819.72,2825.56,2787.72,2805.37,0
3/28/2019 16:00:00,2809.4,2819.71,2798.77,2815.44,0
3/29/2019 16:00:00,2828.27,2836.03,2819.23,2834.4,0
4/1/2019 16:00:00,2848.63,2869.4,2848.63,2867.19,0
4/2/2019 16:00:00,2868.24,2872.9,2858.75,2867.24,0
4/3/2019 16:00:00,2876.09,2885.25,2865.17,2873.4,0
4/4/2019 16:00:00,2873.99,2881.28,2867.14,2879.39,0
4/5/2019 16:00:00,2884.16,2893.24,2882.99,2892.74,0
4/8/2019 16:00:00,2888.46,2895.95,2880.78,2895.77,0
4/9/2019 16:00:00,2886.58,2886.88,2873.33,2878.2,0
4/10/2019 16:00:00,2881.37,2889.71,2879.13,2888.21,0
4/11/2019 16:00:00,2891.92,2893.42,2881.99,2888.32,0
4/12/2019 16:00:00,2900.86,2910.54,2898.37,2907.41,0
4/15/2019 16:00:00,2908.32,2909.6,2896.48,2905.58,0
4/16/2019 16:00:00,2912.26,2916.06,2900.71,2907.06,0
4/17/2019 16:00:00,2916.04,2918,2895.45,2900.45,0
4/18/2019 16:00:00,2904.81,2908.4,2891.9,2905.03,0
4/22/2019 16:00:00,2898.78,2909.51,2896.35,2907.97,0
4/23/2019 16:00:00,2909.99,2936.31,2908.53,2933.68,0
4/24/2019 16:00:00,2934,2936.83,2926.05,2927.25,0
4/25/2019 16:00:00,2928.99,2933.1,2912.84,2926.17,0
4/26/2019 16:00:00,2925.81,2939.88,2917.56,2939.88,0
4/29/2019 16:00:00,2940.58,2949.52,2939.35,2943.03,0
4/30/2019 16:00:00,2937.14,2948.22,2924.11,2945.83,0
5/1/2019 16:00:00,2952.33,2954.13,2923.36,2923.73,0
5/2/2019 16:00:00,2922.16,2931.68,2900.5,2917.52,0
5/3/2019 16:00:00,2929.21,2947.85,2929.21,2945.64,0
5/6/2019 16:00:00,2908.89,2937.32,2898.21,2932.47,0
5/7/2019 16:00:00,2913.03,2913.03,2862.6,2884.05,0
5/8/2019 16:00:00,2879.61,2897.96,2873.28,2879.42,0
5/9/2019 16:00:00,2859.84,2875.97,2836.4,2870.72,0
5/10/2019 16:00:00,2863.1,2891.31,2825.39,2881.4,0
5/13/2019 16:00:00,2840.19,2840.19,2801.43,2811.87,0
5/14/2019 16:00:00,2820.12,2852.54,2820.12,2834.41,0
5/15/2019 16:00:00,2820.38,2858.68,2815.08,2850.96,0
5/16/2019 16:00:00,2855.8,2892.15,2855.8,2876.32,0
5/17/2019 16:00:00,2858.6,2885.48,2854.23,2859.53,0
5/20/2019 16:00:00,2841.94,2853.86,2831.29,2840.23,0
5/21/2019 16:00:00,2854.02,2868.88,2854.02,2864.36,0
5/22/2019 16:00:00,2856.06,2865.47,2851.11,2856.27,0
5/23/2019 16:00:00,2836.7,2836.7,2805.49,2822.24,0
5/24/2019 16:00:00,2832.41,2841.36,2820.19,2826.06,0
5/28/2019 16:00:00,2830.03,2840.51,2801.58,2802.39,0
5/29/2019 16:00:00,2790.25,2792.03,2766.06,2783.02,0
5/30/2019 16:00:00,2786.94,2799,2776.74,2788.86,0
5/31/2019 16:00:00,2766.15,2768.98,2750.52,2752.06,0
6/3/2019 16:00:00,2751.53,2763.07,2728.81,2744.45,0
6/4/2019 16:00:00,2762.64,2804.49,2762.64,2803.27,0
6/5/2019 16:00:00,2818.09,2827.28,2800.92,2826.15,0
6/6/2019 16:00:00,2828.51,2852.1,2822.45,2843.49,0
6/7/2019 16:00:00,2852.87,2884.97,2852.87,2873.34,0
6/10/2019 16:00:00,2885.83,2904.77,2885.51,2886.73,0
6/11/2019 16:00:00,2903.27,2910.61,2878.53,2885.72,0
6/12/2019 16:00:00,2882.73,2888.57,2874.68,2879.84,0
6/13/2019 16:00:00,2886.24,2895.24,2881.99,2891.64,0
6/14/2019 16:00:00,2886.82,2894.45,2879.62,2886.98,0
6/17/2019 16:00:00,2889.75,2897.27,2887.3,2889.67,0
6/18/2019 16:00:00,2906.71,2930.79,2905.44,2917.75,0
6/19/2019 16:00:00,2920.55,2931.74,2911.43,2926.46,0
6/20/2019 16:00:00,2949.6,2958.06,2931.5,2954.18,0
6/21/2019 16:00:00,2952.71,2964.15,2946.87,2950.46,0
6/24/2019 16:00:00,2951.42,2954.92,2944.05,2945.35,0
6/25/2019 16:00:00,2945.78,2946.52,2916.01,2917.38,0
6/26/2019 16:00:00,2926.07,2932.59,2912.99,2913.78,0
6/27/2019 16:00:00,2919.66,2929.3,2918.85,2924.92,0
6/28/2019 16:00:00,2932.94,2943.98,2929.05,2941.76,0
7/1/2019 16:00:00,2971.41,2977.93,2952.22,2964.33,0
7/2/2019 16:00:00,2964.66,2973.21,2955.92,2973.01,0
7/3/2019 13:00:00,2978.08,2995.84,2977.96,2995.82,0
7/5/2019 16:00:00,2978.08,2995.84,2967.97,2990.41,0
7/8/2019 16:00:00,2979.77,2980.76,2970.09,2975.95,0
7/9/2019 16:00:00,2965.52,2981.9,2963.44,2979.63,0
7/10/2019 16:00:00,2989.3,3002.98,2984.62,2993.07,0
7/11/2019 16:00:00,2999.62,3002.33,2988.8,2999.91,0
7/12/2019 16:00:00,3003.36,3013.92,3001.87,3013.77,0
7/15/2019 16:00:00,3017.8,3017.8,3008.77,3014.3,0
7/16/2019 16:00:00,3012.13,3015.02,3001.15,3004.04,0
7/17/2019 16:00:00,3005.1,3005.26,2984.25,2984.42,0
7/18/2019 16:00:00,2978.87,2998.28,2973.09,2995.11,0
7/19/2019 16:00:00,3004.26,3006.02,2975.86,2976.61,0
7/22/2019 16:00:00,2981.93,2990.71,2976.65,2985.03,0
7/23/2019 16:00:00,2994.74,3005.9,2988.56,3005.47,0
7/24/2019 16:00:00,2998.77,3019.59,2996.82,3019.56,0
7/25/2019 16:00:00,3016.26,3016.31,2997.24,3003.67,0
7/26/2019 16:00:00,3013.25,3027.98,3012.59,3025.86,0
7/29/2019 16:00:00,3024.47,3025.61,3014.3,3020.97,0
7/30/2019 16:00:00,3007.66,3017.19,3000.94,3013.18,0
7/31/2019 16:00:00,3016.22,3017.4,2958.08,2980.38,0
8/1/2019 16:00:00,2980.32,3013.59,2945.23,2953.56,0
8/2/2019 16:00:00,2943.9,2945.5,2914.11,2932.05,0
8/5/2019 16:00:00,2898.07,2898.07,2822.12,2844.74,0
8/6/2019 16:00:00,2861.18,2884.4,2847.42,2881.77,0
8/7/2019 16:00:00,2858.65,2892.17,2825.77,2883.98,0
8/8/2019 16:00:00,2896.21,2938.72,2894.47,2938.09,0
8/9/2019 16:00:00,2930.51,2935.75,2900.15,2918.65,0
8/12/2019 16:00:00,2907.07,2907.58,2873.14,2883.09,0
8/13/2019 16:00:00,2880.72,2943.31,2877.05,2926.32,0
8/14/2019 16:00:00,2894.15,2894.15,2839.64,2840.6,0
8/15/2019 16:00:00,2846.2,2856.67,2825.51,2847.6,0
8/16/2019 16:00:00,2864.74,2893.63,2864.74,2888.68,0
8/19/2019 16:00:00,2913.48,2931,2913.48,2923.65,0
8/20/2019 16:00:00,2919.01,2923.63,2899.6,2900.51,0
8/21/2019 16:00:00,2922.04,2928.73,2917.91,2924.43,0
8/22/2019 16:00:00,2930.94,2939.08,2904.51,2922.95,0
8/23/2019 16:00:00,2911.07,2927.01,2834.97,2847.11,0
8/26/2019 16:00:00,2866.7,2879.27,2856,2878.38,0
8/27/2019 16:00:00,2893.14,2898.79,2860.59,2869.16,0
8/28/2019 16:00:00,2861.28,2890.03,2853.27,2887.94,0
8/29/2019 16:00:00,2910.37,2930.5,2905.67,2924.58,0
8/30/2019 16:00:00,2937.09,2940.43,2913.32,2926.46,0
9/3/2019 16:00:00,2909.01,2914.39,2891.85,2906.27,0
9/4/2019 16:00:00,2924.67,2938.84,2921.86,2937.78,0
9/5/2019 16:00:00,2960.6,2985.86,2960.6,2976,0
9/6/2019 16:00:00,2980.33,2985.03,2972.51,2978.71,0
9/9/2019 16:00:00,2988.43,2989.43,2969.39,2978.43,0
9/10/2019 16:00:00,2971.01,2979.39,2957.01,2979.39,0
9/11/2019 16:00:00,2981.41,3000.93,2975.31,3000.93,0
9/12/2019 16:00:00,3009.08,3020.74,3000.92,3009.57,0
9/13/2019 16:00:00,3012.21,3017.33,3002.9,3007.39,0
9/16/2019 16:00:00,2996.41,3002.19,2990.67,2997.96,0
9/17/2019 16:00:00,2995.67,3006.21,2993.73,3005.7,0
9/18/2019 16:00:00,3001.5,3007.83,2978.57,3006.73,0
9/19/2019 16:00:00,3010.36,3021.99,3003.16,3006.79,0
9/20/2019 16:00:00,3008.42,3016.37,2984.68,2992.07,0
9/23/2019 16:00:00,2983.5,2999.15,2982.23,2991.78,0
9/24/2019 16:00:00,3002.43,3007.98,2957.73,2966.6,0
9/25/2019 16:00:00,2968.35,2989.82,2952.96,2984.87,0
9/26/2019 16:00:00,2985.73,2987.28,2963.71,2977.62,0
9/27/2019 16:00:00,2985.47,2987.31,2945.53,2961.79,0
9/30/2019 16:00:00,2967.07,2983.85,2967.07,2976.74,0
10/1/2019 16:00:00,2983.69,2992.53,2938.7,2940.25,0
10/2/2019 16:00:00,2924.78,2924.78,2874.93,2887.61,0
10/3/2019 16:00:00,2885.38,2911.13,2855.94,2910.63,0
10/4/2019 16:00:00,2918.56,2953.74,2918.56,2952.01,0
10/7/2019 16:00:00,2944.23,2959.75,2935.68,2938.79,0
10/8/2019 16:00:00,2920.4,2925.47,2892.66,2893.06,0
10/9/2019 16:00:00,2911.1,2929.32,2907.41,2919.4,0
10/10/2019 16:00:00,2918.55,2948.46,2917.12,2938.13,0
10/11/2019 16:00:00,2963.07,2993.28,2963.07,2970.27,0
10/14/2019 16:00:00,2965.81,2972.84,2962.94,2966.15,0
10/15/2019 16:00:00,2973.61,3003.28,2973.61,2995.68,0
10/16/2019 16:00:00,2989.68,2997.54,2985.2,2989.69,0
10/17/2019 16:00:00,3000.77,3008.29,2991.79,2997.95,0
10/18/2019 16:00:00,2996.84,3000,2976.31,2986.2,0
10/21/2019 16:00:00,2996.48,3007.33,2995.35,3006.72,0
10/22/2019 16:00:00,3010.73,3014.57,2995.04,2995.99,0
10/23/2019 16:00:00,2994.01,3004.78,2991.21,3004.52,0
10/24/2019 16:00:00,3014.78,3016.07,3000.42,3010.29,0
10/25/2019 16:00:00,3003.32,3027.39,3001.94,3022.55,0
10/28/2019 16:00:00,3032.12,3044.08,3032.12,3039.42,0
10/29/2019 16:00:00,3035.39,3047.87,3034.81,3036.89,0
10/30/2019 16:00:00,3039.74,3050.1,3026.29,3046.77,0
11/1/2019 16:00:00,3052.36,3066.95,3052.36,3066.91,0
11/4/2019 16:00:00,3078.96,3085.2,3074.87,3078.27,0
11/5/2019 16:00:00,3080.8,3083.95,3072.15,3074.62,0
11/6/2019 16:00:00,3075.1,3078.34,3065.89,3076.78,0
11/7/2019 16:00:00,3087.02,3097.77,3080.23,3085.18,0
11/8/2019 16:00:00,3081.25,3093.09,3073.58,3093.08,0
11/11/2019 16:00:00,3080.33,3088.33,3075.82,3087.01,0
11/12/2019 16:00:00,3089.28,3102.61,3084.73,3091.84,0
11/13/2019 16:00:00,3082.76,3098.06,3078.8,3094.04,0
11/14/2019 16:00:00,3090.75,3098.2,3083.26,3096.63,0
11/15/2019 16:00:00,3107.92,3120.46,3104.6,3120.46,0
11/18/2019 16:00:00,3117.91,3124.17,3112.06,3122.03,0
11/19/2019 16:00:00,3127.45,3127.64,3113.47,3120.18,0
11/20/2019 16:00:00,3114.66,3118.97,3091.41,3108.46,0
11/21/2019 16:00:00,3108.49,3110.11,3094.55,3103.54,0
11/22/2019 16:00:00,3111.41,3112.87,3099.26,3110.29,0
11/25/2019 16:00:00,3117.44,3133.83,3117.44,3133.64,0
11/26/2019 16:00:00,3134.85,3142.69,3131,3140.52,0
11/29/2019 13:00:00,3145.49,3154.26,3139.34,3140.98,0
12/2/2019 16:00:00,3143.85,3144.31,3110.78,3113.87,0
12/3/2019 16:00:00,3087.41,3094.97,3070.33,3093.2,0
12/4/2019 16:00:00,3103.5,3119.38,3102.53,3112.76,0
12/5/2019 16:00:00,3119.21,3119.45,3103.76,3117.43,0
12/6/2019 16:00:00,3134.62,3150.6,3134.62,3145.91,0
12/9/2019 16:00:00,3141.86,3148.87,3135.46,3135.96,0
12/10/2019 16:00:00,3135.36,3142.12,3126.13,3132.52,0
12/11/2019 16:00:00,3135.75,3143.98,3133.21,3141.63,0
12/12/2019 16:00:00,3141.23,3176.28,3138.47,3168.57,0
12/13/2019 16:00:00,3166.65,3182.68,3156.51,3168.8,0
12/16/2019 16:00:00,3183.63,3197.71,3183.63,3191.45,0
12/17/2019 16:00:00,3195.4,3198.22,3191.03,3192.52,0
12/18/2019 16:00:00,3195.21,3198.48,3191.14,3191.14,0
12/19/2019 16:00:00,3192.32,3205.48,3192.32,3205.37,0
12/20/2019 16:00:00,3223.33,3225.65,3216.03,3221.22,0
12/23/2019 16:00:00,3226.05,3227.78,3222.3,3224.01,0
12/26/2019 16:00:00,3225.45,3240.08,3220.51,3239.91,0
12/27/2019 16:00:00,3247.23,3247.93,3234.37,3240.02,0
12/30/2019 16:00:00,3240.09,3240.92,3216.57,3221.29,0
1/2/2020 16:00:00,3215.18,3258.14,3212.03,3257.85,0
1/3/2020 16:00:00,3226.36,3246.15,3222.34,3234.85,0
1/6/2020 16:00:00,3217.55,3246.84,3214.64,3246.28,0
1/7/2020 16:00:00,3241.86,3244.91,3232.43,3237.18,0
1/8/2020 16:00:00,3238.59,3267.07,3236.67,3253.05,0
1/9/2020 16:00:00,3266.03,3275.58,3263.67,3274.7,0
1/10/2020 16:00:00,3281.81,3282.99,3260.86,3265.35,0
1/13/2020 16:00:00,3271.13,3288.13,3268.43,3288.13,0
1/14/2020 16:00:00,3285.35,3294.25,3277.19,3283.15,0
1/15/2020 16:00:00,3282.27,3298.66,3280.69,3289.29,0
1/16/2020 16:00:00,3302.97,3317.11,3302.82,3316.81,0
1/17/2020 16:00:00,3323.66,3329.88,3318.86,3329.62,0
1/21/2020 16:00:00,3321.03,3329.79,3316.61,3320.79,0
1/22/2020 16:00:00,3330.02,3337.77,3320.04,3321.75,0
1/23/2020 16:00:00,3315.77,3326.88,3301.87,3325.54,0
1/24/2020 16:00:00,3333.1,3333.18,3281.53,3295.47,0
1/27/2020 16:00:00,3247.16,3258.85,3234.5,3243.63,0
1/28/2020 16:00:00,3255.35,3285.78,3253.22,3276.24,0
1/29/2020 16:00:00,3289.46,3293.47,3271.89,3273.4,0
1/30/2020 16:00:00,3256.45,3285.91,3242.8,3283.66,0
1/31/2020 16:00:00,3282.33,3282.33,3214.68,3225.52,0
2/3/2020 16:00:00,3235.66,3268.44,3235.66,3248.92,0
2/4/2020 16:00:00,3280.61,3306.92,3280.61,3297.59,0
2/5/2020 16:00:00,3324.91,3337.58,3313.75,3334.69,0
2/6/2020 16:00:00,3344.92,3347.96,3334.39,3345.78,0
2/7/2020 16:00:00,3335.54,3341.42,3322.12,3327.71,0
2/10/2020 16:00:00,3318.28,3352.26,3317.77,3352.09,0
2/11/2020 16:00:00,3365.87,3375.63,3352.72,3357.75,0
2/12/2020 16:00:00,3370.5,3381.47,3369.72,3379.45,0
2/13/2020 16:00:00,3365.9,3385.09,3360.52,3373.94,0
2/14/2020 16:00:00,3378.08,3380.69,3366.15,3380.16,0
2/18/2020 16:00:00,3369.04,3375.01,3355.61,3370.29,0
2/19/2020 16:00:00,3380.39,3393.52,3378.83,3386.15,0
2/20/2020 16:00:00,3380.45,3389.15,3341.02,3373.23,0
2/21/2020 16:00:00,3360.5,3360.76,3328.45,3337.75,0
2/24/2020 16:00:00,3257.61,3259.81,3214.65,3225.89,0
2/25/2020 16:00:00,3238.94,3246.99,3118.77,3128.21,0
2/26/2020 16:00:00,3139.9,3182.51,3108.99,3116.39,0
2/27/2020 16:00:00,3062.54,3097.07,2977.39,2978.76,0
2/28/2020 16:00:00,2916.9,2959.72,2855.84,2954.22,0
3/2/2020 16:00:00,2974.28,3090.96,2945.19,3090.23,0
3/3/2020 16:00:00,3096.46,3136.72,2976.63,3003.37,0
3/4/2020 16:00:00,3045.75,3130.97,3034.38,3130.12,0
3/5/2020 16:00:00,3075.7,3083.04,2999.83,3023.94,0
3/6/2020 16:00:00,2954.2,2985.93,2901.54,2972.37,0
3/9/2020 16:00:00,2863.89,2863.89,2734.43,2746.56,0
3/10/2020 16:00:00,2813.48,2882.59,2734,2882.23,0
3/11/2020 16:00:00,2825.6,2825.6,2707.22,2741.38,0
3/12/2020 16:00:00,2630.86,2660.95,2478.86,2480.64,0
3/13/2020 16:00:00,2569.99,2711.33,2492.37,2711.02,0
3/16/2020 16:00:00,2508.59,2562.98,2380.94,2386.13,0
3/17/2020 16:00:00,2425.66,2553.93,2367.04,2529.19,0
3/18/2020 16:00:00,2436.5,2453.57,2280.52,2398.1,0
3/19/2020 16:00:00,2393.48,2466.97,2319.78,2409.39,0
3/20/2020 16:00:00,2431.94,2453.01,2295.56,2304.92,0
3/23/2020 16:00:00,2290.71,2300.73,2191.86,2237.4,0
3/24/2020 16:00:00,2344.44,2449.71,2344.44,2447.33,0
3/25/2020 16:00:00,2457.77,2571.42,2407.53,2475.56,0
3/26/2020 16:00:00,2501.29,2637.01,2500.72,2630.07,0
3/27/2020 16:00:00,2555.87,2615.91,2520.02,2541.47,0
3/30/2020 16:00:00,2558.98,2631.8,2545.28,2626.65,0
3/31/2020 16:00:00,2614.69,2641.39,2571.15,2584.59,0
4/1/2020 16:00:00,2498.08,2522.75,2447.49,2470.5,0
4/2/2020 16:00:00,2458.54,2533.22,2455.79,2526.9,0
4/3/2020 16:00:00,2514.92,2538.18,2459.96,2488.65,0
4/6/2020 16:00:00,2578.28,2676.85,2574.57,2663.68,0
4/7/2020 16:00:00,2738.65,2756.89,2657.67,2659.41,0
4/8/2020 16:00:00,2685,2760.75,2663.3,2749.98,0
4/9/2020 16:00:00,2766.99,2818.57,2762.36,2789.82,0
4/13/2020 16:00:00,2776.99,2818.57,2721.17,2761.63,0
4/14/2020 16:00:00,2805.1,2851.85,2805.1,2846.06,0
4/15/2020 16:00:00,2795.64,2801.88,2761.54,2783.36,0
4/16/2020 16:00:00,2799.34,2806.51,2764.32,2799.55,0
4/17/2020 16:00:00,2842.43,2879.22,2830.88,2874.56,0
4/20/2020 16:00:00,2845.62,2868.98,2820.43,2823.16,0
4/21/2020 16:00:00,2784.81,2785.54,2727.1,2736.56,0
4/22/2020 16:00:00,2787.89,2815.1,2775.95,2799.31,0
4/23/2020 16:00:00,2810.42,2844.9,2794.26,2797.8,0
4/24/2020 16:00:00,2812.64,2842.71,2791.76,2836.74,0
4/27/2020 16:00:00,2854.65,2887.72,2852.89,2878.48,0
4/28/2020 16:00:00,2909.96,2921.15,2860.71,2863.39,0
4/29/2020 16:00:00,2918.46,2954.86,2912.16,2939.51,0
4/30/2020 16:00:00,2930.91,2930.91,2892.47,2912.43,0
5/1/2020 16:00:00,2869.09,2869.09,2821.61,2830.71,0
5/4/2020 16:00:00,2815.01,2844.24,2797.85,2842.74,0
5/5/2020 16:00:00,2868.88,2898.23,2863.55,2868.44,0
5/6/2020 16:00:00,2883.14,2891.11,2847.65,2848.42,0
5/7/2020 16:00:00,2878.26,2901.92,2876.48,2881.19,0
5/8/2020 16:00:00,2908.83,2932.16,2902.88,2929.8,0
5/11/2020 16:00:00,2915.46,2944.25,2903.44,2930.32,0
5/12/2020 16:00:00,2939.5,2945.82,2869.59,2870.12,0
5/13/2020 16:00:00,2865.86,2874.14,2793.15,2820,0
5/14/2020 16:00:00,2794.54,2852.8,2766.64,2852.5,0
5/15/2020 16:00:00,2829.95,2865.01,2816.78,2863.7,0
5/18/2020 16:00:00,2913.86,2968.09,2913.86,2953.91,0
5/19/2020 16:00:00,2948.59,2964.21,2922.35,2922.94,0
5/20/2020 16:00:00,2953.63,2980.29,2953.63,2971.61,0
5/21/2020 16:00:00,2969.95,2978.5,2938.57,2948.51,0
5/22/2020 16:00:00,2948.05,2956.76,2933.59,2955.45,0
5/26/2020 16:00:00,3004.08,3021.72,2988.17,2991.77,0
5/27/2020 16:00:00,3015.65,3036.25,2969.75,3036.13,0
5/28/2020 16:00:00,3046.61,3068.67,3023.4,3029.73,0
5/29/2020 16:00:00,3025.17,3049.17,2998.61,3044.31,0
6/1/2020 16:00:00,3038.78,3062.18,3031.54,3055.73,0
6/2/2020 16:00:00,3064.78,3081.07,3051.64,3080.82,0
6/3/2020 16:00:00,3098.9,3130.94,3098.9,3122.87,0
6/4/2020 16:00:00,3111.56,3128.91,3090.41,3112.35,0
6/5/2020 16:00:00,3163.84,3211.72,3163.84,3193.93,0
6/8/2020 16:00:00,3199.92,3233.13,3196,3232.39,0
6/9/2020 16:00:00,3213.32,3222.71,3193.11,3207.18,0
6/10/2020 16:00:00,3213.42,3223.27,3181.49,3190.14,0
6/11/2020 16:00:00,3123.53,3123.53,2999.49,3002.1,0
6/12/2020 16:00:00,3071.04,3088.42,2984.47,3041.31,0
6/15/2020 16:00:00,2993.76,3079.76,2965.66,3066.59,0
6/16/2020 16:00:00,3131,3153.45,3076.06,3124.74,0
6/17/2020 16:00:00,3136.13,3141.16,3108.03,3113.49,0
6/18/2020 16:00:00,3101.64,3120,3093.51,3115.34,0
6/19/2020 16:00:00,3140.29,3155.53,3083.11,3097.74,0
6/22/2020 16:00:00,3094.42,3120.92,3079.39,3117.86,0
6/23/2020 16:00:00,3138.7,3154.9,3127.12,3131.29,0
6/24/2020 16:00:00,3114.4,3115.01,3032.13,3050.33,0
6/25/2020 16:00:00,3046.6,3086.25,3024.01,3083.76,0
6/26/2020 16:00:00,3073.2,3073.73,3004.63,3009.05,0
6/29/2020 16:00:00,3018.59,3053.89,2999.74,3053.24,0
6/30/2020 16:00:00,3050.2,3111.51,3047.83,3100.29,0
7/1/2020 16:00:00,3105.92,3128.44,3101.17,3115.86,0
7/2/2020 16:00:00,3143.64,3165.81,3124.52,3130.01,0
7/6/2020 16:00:00,3155.29,3182.59,3155.29,3179.72,0
7/7/2020 16:00:00,3166.44,3184.15,3142.93,3145.32,0
7/8/2020 16:00:00,3153.07,3171.8,3136.53,3169.94,0
7/9/2020 16:00:00,3176.17,3179.78,3115.7,3152.05,0
7/10/2020 16:00:00,3152.47,3186.82,3136.22,3185.04,0
7/13/2020 16:00:00,3205.08,3235.32,3149.43,3155.22,0
7/14/2020 16:00:00,3141.11,3200.95,3127.66,3197.52,0
7/15/2020 16:00:00,3225.98,3238.28,3200.76,3226.56,0
7/16/2020 16:00:00,3208.36,3220.39,3198.59,3215.57,0
7/17/2020 16:00:00,3224.21,3233.52,3205.65,3224.73,0
7/20/2020 16:00:00,3224.29,3258.61,3215.16,3251.84,0
7/21/2020 16:00:00,3268.52,3277.29,3247.77,3257.3,0
7/22/2020 16:00:00,3254.86,3279.32,3253.1,3276.02,0
7/23/2020 16:00:00,3271.64,3279.99,3222.66,3235.66,0
7/24/2020 16:00:00,3218.58,3227.26,3200.05,3215.63,0
7/27/2020 16:00:00,3219.84,3241.43,3214.25,3239.41,0
7/28/2020 16:00:00,3234.27,3243.72,3216.17,3218.44,0
7/29/2020 16:00:00,3227.22,3264.74,3227.22,3258.44,0
7/30/2020 16:00:00,3231.76,3250.92,3204.13,3246.22,0
7/31/2020 16:00:00,3270.45,3272.17,3220.26,3271.12,0
8/3/2020 16:00:00,3288.26,3302.73,3284.53,3294.61,0
8/4/2020 16:00:00,3289.92,3306.84,3286.37,3306.51,0
8/5/2020 16:00:00,3317.37,3330.77,3317.37,3327.77,0
8/6/2020 16:00:00,3323.17,3351.03,3318.14,3349.16,0
8/7/2020 16:00:00,3340.05,3352.54,3328.72,3351.28,0
8/10/2020 16:00:00,3356.04,3363.29,3335.44,3360.47,0
8/11/2020 16:00:00,3370.34,3381.01,3326.44,3333.69,0
8/12/2020 16:00:00,3355.46,3387.89,3355.46,3380.35,0
8/13/2020 16:00:00,3372.95,3387.24,3363.35,3373.43,0
8/14/2020 16:00:00,3368.66,3378.51,3361.64,3372.85,0
8/17/2020 16:00:00,3380.86,3387.59,3379.22,3381.99,0
8/18/2020 16:00:00,3387.04,3395.06,3370.15,3389.78,0
8/19/2020 16:00:00,3392.51,3399.54,3369.66,3374.85,0
8/20/2020 16:00:00,3360.48,3390.8,3354.69,3385.51,0
8/21/2020 16:00:00,3386.01,3399.96,3379.31,3397.16,0
8/24/2020 16:00:00,3418.09,3432.09,3413.13,3431.28,0
8/25/2020 16:00:00,3435.95,3444.21,3425.84,3443.62,0
8/26/2020 16:00:00,3449.97,3481.07,3444.15,3478.73,0
8/27/2020 16:00:00,3485.14,3501.38,3468.35,3484.55,0
8/28/2020 16:00:00,3494.69,3509.23,3484.32,3508.01,0
8/31/2020 16:00:00,3509.73,3514.77,3493.25,3500.31,0
9/1/2020 16:00:00,3507.44,3528.03,3494.6,3526.65,0
9/2/2020 16:00:00,3543.76,3588.11,3535.23,3580.84,0
9/3/2020 16:00:00,3564.74,3564.85,3427.41,3455.06,0
9/4/2020 16:00:00,3453.6,3479.15,3349.63,3426.96,0
9/8/2020 16:00:00,3371.88,3379.97,3329.27,3331.84,0
9/9/2020 16:00:00,3369.82,3424.77,3366.84,3398.96,0
9/10/2020 16:00:00,3412.56,3425.55,3329.25,3339.19,0
9/11/2020 16:00:00,3352.7,3368.95,3310.47,3340.97,0
9/14/2020 16:00:00,3363.56,3402.93,3363.56,3383.54,0
9/15/2020 16:00:00,3407.73,3419.48,3389.25,3401.2,0
9/16/2020 16:00:00,3411.23,3428.92,3384.45,3385.49,0
9/17/2020 16:00:00,3346.86,3375.17,3328.82,3357.01,0
9/18/2020 16:00:00,3357.38,3362.27,3292.4,3319.47,0
9/21/2020 16:00:00,3285.57,3285.57,3229.1,3281.06,0
9/22/2020 16:00:00,3295.75,3320.31,3270.95,3315.57,0
9/23/2020 16:00:00,3320.11,3323.35,3232.57,3236.92,0
9/24/2020 16:00:00,3226.14,3278.7,3209.45,3246.59,0
9/25/2020 16:00:00,3236.66,3306.88,3228.44,3298.46,0
9/28/2020 16:00:00,3333.9,3360.74,3332.91,3351.6,0
9/29/2020 16:00:00,3350.92,3357.92,3327.54,3335.47,0
9/30/2020 16:00:00,3341.21,3393.56,3340.47,3363,0
10/1/2020 16:00:00,3385.87,3397.18,3361.39,3380.8,0
10/2/2020 16:00:00,3338.94,3369.1,3323.69,3348.44,0
10/5/2020 16:00:00,3367.27,3409.57,3367.27,3408.63,0
10/6/2020 16:00:00,3408.74,3431.56,3354.54,3360.95,0
10/7/2020 16:00:00,3384.56,3426.26,3384.56,3419.45,0
10/8/2020 16:00:00,3434.28,3447.28,3428.15,3446.83,0
10/9/2020 16:00:00,3459.67,3482.34,3458.07,3477.13,0
10/12/2020 16:00:00,3500.02,3549.85,3499.61,3534.22,0
10/13/2020 16:00:00,3534.01,3534.01,3500.86,3511.93,0
10/14/2020 16:00:00,3515.47,3527.94,3480.55,3488.67,0
10/15/2020 16:00:00,3453.72,3489.08,3440.89,3483.34,0
10/16/2020 16:00:00,3493.5,3515.76,3480.45,3483.81,0
10/19/2020 16:00:00,3493.66,3502.42,3419.93,3426.92,0
10/20/2020 16:00:00,3439.38,3476.93,3435.65,3443.12,0
10/21/2020 16:00:00,3439.91,3464.86,3433.06,3435.56,0
10/22/2020 16:00:00,3438.5,3460.53,3415.34,3453.49,0
10/23/2020 16:00:00,3464.9,3466.46,3440.45,3465.39,0
10/26/2020 16:00:00,3441.42,3441.42,3364.86,3400.97,0
10/27/2020 16:00:00,3403.15,3409.51,3388.71,3390.68,0
10/28/2020 16:00:00,3342.48,3342.48,3268.89,3271.03,0
10/29/2020 16:00:00,3277.17,3341.05,3259.82,3310.11,0
10/30/2020 16:00:00,3293.59,3304.93,3233.94,3269.96,0
11/2/2020 16:00:00,3296.2,3330.14,3279.74,3310.24,0
11/3/2020 16:00:00,3336.25,3389.49,3336.25,3369.02,0
11/4/2020 16:00:00,3406.46,3486.25,3405.17,3443.44,0
11/5/2020 16:00:00,3485.74,3529.05,3485.74,3510.45,0
11/6/2020 16:00:00,3508.34,3521.58,3484.34,3509.44,0
11/9/2020 16:00:00,3583.04,3645.99,3547.48,3550.5,0
11/10/2020 16:00:00,3543.26,3557.22,3511.91,3545.53,0
11/11/2020 16:00:00,3563.22,3581.16,3557,3572.66,0
11/12/2020 16:00:00,3562.67,3569.02,3518.58,3537.01,0
11/13/2020 16:00:00,3552.57,3593.66,3552.57,3585.15,0
11/16/2020 16:00:00,3600.16,3628.51,3600.16,3626.91,0
11/17/2020 16:00:00,3610.31,3623.11,3588.68,3609.53,0
11/18/2020 16:00:00,3612.09,3619.09,3567.33,3567.79,0
11/19/2020 16:00:00,3559.41,3585.22,3543.84,3581.87,0
11/20/2020 16:00:00,3579.31,3581.23,3556.85,3557.54,0
11/23/2020 16:00:00,3566.82,3589.81,3552.77,3577.59,0
11/24/2020 16:00:00,3594.52,3642.31,3594.52,3635.41,0
11/25/2020 16:00:00,3635.5,3635.5,3617.76,3629.65,0
11/27/2020 13:00:00,3638.55,3644.31,3629.33,3638.35,0
11/30/2020 16:00:00,3634.18,3634.18,3594.39,3621.63,0
12/1/2020 16:00:00,3645.87,3678.45,3645.87,3662.45,0
12/2/2020 16:00:00,3653.78,3670.96,3644.84,3669.01,0
12/3/2020 16:00:00,3668.28,3682.73,3657.17,3666.72,0
12/4/2020 16:00:00,3670.94,3699.2,3670.94,3699.12,0
12/7/2020 16:00:00,3694.73,3697.41,3678.88,3691.96,0
12/8/2020 16:00:00,3683.05,3708.45,3678.83,3702.25,0
12/9/2020 16:00:00,3705.98,3712.39,3660.54,3672.82,0
12/10/2020 16:00:00,3659.13,3678.49,3645.18,3668.1,0
12/11/2020 16:00:00,3656.08,3665.91,3633.4,3663.46,0
12/14/2020 16:00:00,3675.27,3697.61,3645.84,3647.49,0
12/15/2020 16:00:00,3666.41,3695.29,3659.62,3694.62,0
12/16/2020 16:00:00,3696.25,3711.27,3688.57,3701.17,0
12/17/2020 16:00:00,3713.65,3725.12,3710.87,3722.48,0
12/18/2020 16:00:00,3722.39,3726.7,3685.84,3709.41,0
12/21/2020 16:00:00,3684.28,3702.9,3636.48,3694.92,0
12/22/2020 16:00:00,3698.08,3698.26,3676.16,3687.26,0
12/23/2020 16:00:00,3693.42,3711.24,3689.28,3690.01,0
12/28/2020 16:00:00,3694.03,3740.51,3689.32,3735.36,0
12/29/2020 16:00:00,3750.01,3756.12,3723.31,3727.04,0
12/30/2020 16:00:00,3736.19,3744.63,3730.21,3732.04,0
12/31/2020 16:00:00,3733.27,3760.2,3726.88,3756.07,0
1/4/2021 16:00:00,3764.61,3769.99,3662.71,3700.65,0
1/5/2021 16:00:00,3698.02,3737.83,3695.07,3726.86,0
1/6/2021 16:00:00,3712.2,3783.04,3705.34,3748.14,0
1/7/2021 16:00:00,3764.71,3811.55,3764.71,3803.79,0
1/8/2021 16:00:00,3815.05,3826.69,3783.6,3824.68,0
1/11/2021 16:00:00,3803.14,3817.86,3789.02,3799.61,0
1/12/2021 16:00:00,3801.62,3810.78,3776.51,3801.19,0
1/13/2021 16:00:00,3802.23,3820.96,3791.5,3809.84,0
1/14/2021 16:00:00,3814.98,3823.6,3792.86,3795.54,0
1/15/2021 16:00:00,3788.73,3788.73,3749.62,3768.25,0
1/19/2021 16:00:00,3781.88,3804.53,3780.37,3798.91,0
1/20/2021 16:00:00,3816.22,3859.75,3816.22,3851.85,0
1/21/2021 16:00:00,3857.46,3861.45,3845.05,3853.07,0
1/22/2021 16:00:00,3844.24,3852.31,3830.41,3841.47,0
1/25/2021 16:00:00,3851.68,3859.23,3797.16,3855.36,0
1/26/2021 16:00:00,3862.96,3870.9,3847.78,3849.62,0
1/27/2021 16:00:00,3836.83,3836.83,3732.48,3750.77,0
1/28/2021 16:00:00,3755.75,3830.5,3755.75,3787.38,0
1/29/2021 16:00:00,3778.05,3778.05,3694.12,3714.24,0
2/1/2021 16:00:00,3731.17,3784.32,3725.62,3773.86,0
2/2/2021 16:00:00,3791.84,3843.09,3791.84,3826.31,0
2/3/2021 16:00:00,3840.27,3847.51,3816.68,3830.17,0
2/4/2021 16:00:00,3836.66,3872.42,3836.66,3871.74,0
2/5/2021 16:00:00,3878.3,3894.56,3874.93,3886.83,0
2/8/2021 16:00:00,3892.59,3915.77,3892.59,3915.59,0
2/9/2021 16:00:00,3910.49,3918.35,3902.64,3911.23,0
2/10/2021 16:00:00,3920.78,3931.5,3884.94,3909.88,0
2/11/2021 16:00:00,3916.4,3925.99,3890.39,3916.38,0
2/12/2021 16:00:00,3911.65,3937.23,3905.78,3934.83,0
2/16/2021 16:00:00,3939.61,3950.43,3923.85,3932.59,0
2/17/2021 16:00:00,3918.5,3933.61,3900.43,3931.33,0
2/18/2021 16:00:00,3915.86,3921.98,3885.03,3913.97,0
2/19/2021 16:00:00,3921.16,3930.41,3903.07,3906.71,0
2/22/2021 16:00:00,3885.55,3902.92,3874.71,3876.5,0
2/23/2021 16:00:00,3857.07,3895.98,3805.59,3881.37,0
2/24/2021 16:00:00,3873.71,3928.65,3859.6,3925.43,0
2/25/2021 16:00:00,3915.8,3925.02,3814.04,3829.34,0
2/26/2021 16:00:00,3839.66,3861.08,3789.75,3811.15,0
3/1/2021 16:00:00,3842.51,3914.5,3842.51,3901.82,0
3/2/2021 16:00:00,3903.64,3906.41,3868.57,3870.29,0
3/3/2021 16:00:00,3863.99,3874.47,3818.86,3819.72,0
3/4/2021 16:00:00,3818.53,3843.67,3723.34,3768.47,0
3/5/2021 16:00:00,3793.58,3851.69,3730.19,3841.94,0
3/8/2021 16:00:00,3844.39,3881.06,3819.25,3821.35,0
3/9/2021 16:00:00,3851.93,3903.76,3851.93,3875.44,0
3/10/2021 16:00:00,3891.99,3917.35,3885.73,3898.81,0
3/11/2021 16:00:00,3915.54,3960.27,3915.54,3939.34,0
3/12/2021 16:00:00,3924.52,3944.99,3915.21,3943.34,0
3/15/2021 16:00:00,3942.96,3970.08,3923.54,3968.94,0
3/16/2021 16:00:00,3973.59,3981.04,3953.44,3962.71,0
3/17/2021 16:00:00,3949.57,3983.87,3935.74,3974.12,0
3/18/2021 16:00:00,3953.5,3969.62,3910.86,3915.46,0
3/19/2021 16:00:00,3913.14,3930.12,3886.75,3913.1,0
3/22/2021 16:00:00,3916.48,3955.31,3914.16,3940.59,0
3/23/2021 16:00:00,3937.6,3949.13,3901.57,3910.52,0
3/24/2021 16:00:00,3919.93,3942.08,3889.07,3889.14,0
3/25/2021 16:00:00,3879.34,3919.54,3853.5,3909.52,0
3/26/2021 16:00:00,3917.12,3978.19,3917.12,3974.54,0
3/29/2021 16:00:00,3969.31,3981.83,3943.25,3971.09,0
3/30/2021 16:00:00,3963.34,3968.01,3944.35,3958.55,0
3/31/2021 16:00:00,3967.25,3994.41,3966.98,3972.89,0
4/1/2021 16:00:00,3992.78,4020.63,3992.78,4019.87,0
4/5/2021 16:00:00,4034.44,4083.42,4034.44,4077.91,0
4/6/2021 16:00:00,4075.57,4086.23,4068.14,4073.94,0
4/7/2021 16:00:00,4074.29,4083.13,4068.31,4079.95,0
4/8/2021 16:00:00,4089.95,4098.19,4082.54,4097.17,0
4/9/2021 16:00:00,4096.11,4129.48,4095.51,4128.8,0
4/12/2021 16:00:00,4124.71,4131.76,4114.82,4127.99,0
4/13/2021 16:00:00,4130.1,4148,4124.43,4141.59,0
4/14/2021 16:00:00,4141.58,4151.69,4120.87,4124.66,0
4/15/2021 16:00:00,4139.76,4173.49,4139.76,4170.42,0
4/16/2021 16:00:00,4174.14,4191.31,4170.75,4185.47,0
4/19/2021 16:00:00,4179.8,4180.81,4150.47,4163.26,0
4/20/2021 16:00:00,4159.18,4159.18,4118.38,4134.94,0
4/21/2021 16:00:00,4128.42,4175.02,4126.35,4173.42,0
4/22/2021 16:00:00,4170.46,4179.57,4123.69,4134.98,0
4/23/2021 16:00:00,4138.78,4194.17,4138.78,4180.17,0
4/26/2021 16:00:00,4185.03,4194.19,4182.36,4187.62,0
4/27/2021 16:00:00,4188.25,4193.35,4176.22,4186.72,0
4/28/2021 16:00:00,4185.14,4201.53,4181.78,4183.18,0
4/29/2021 16:00:00,4206.14,4218.78,4176.81,4211.47,0
4/30/2021 16:00:00,4198.1,4198.1,4174.85,4181.17,0
5/3/2021 16:00:00,4191.98,4209.39,4188.03,4192.66,0
5/4/2021 16:00:00,4179.04,4179.04,4128.59,4164.66,0
5/5/2021 16:00:00,4177.06,4187.72,4160.94,4167.59,0
5/6/2021 16:00:00,4169.14,4202.7,4147.33,4201.62,0
5/7/2021 16:00:00,4210.34,4238.04,4201.64,4232.6,0
5/10/2021 16:00:00,4228.29,4236.39,4188.13,4188.43,0
5/11/2021 16:00:00,4150.34,4162.04,4111.53,4152.1,0
5/12/2021 16:00:00,4130.55,4134.59,4056.88,4063.04,0
5/13/2021 16:00:00,4074.99,4131.58,4074.99,4112.5,0
5/14/2021 16:00:00,4129.58,4183.13,4129.58,4173.85,0
5/17/2021 16:00:00,4169.92,4171.92,4142.69,4163.29,0
5/18/2021 16:00:00,4165.94,4169.15,4125.99,4127.83,0
5/19/2021 16:00:00,4098.45,4116.93,4061.41,4115.68,0
5/20/2021 16:00:00,4121.97,4172.8,4121.97,4159.12,0
5/21/2021 16:00:00,4168.61,4188.72,4151.72,4155.86,0
5/24/2021 16:00:00,4170.16,4209.52,4170.16,4197.05,0
5/25/2021 16:00:00,4205.94,4213.42,4182.52,4188.13,0
5/26/2021 16:00:00,4191.59,4202.61,4184.11,4195.99,0
5/27/2021 16:00:00,4201.94,4213.38,4197.78,4200.88,0
5/28/2021 16:00:00,4210.77,4218.36,4203.57,4204.11,0
6/1/2021 16:00:00,4216.52,4234.12,4197.59,4202.04,0
6/2/2021 16:00:00,4206.82,4217.37,4198.27,4208.12,0
6/3/2021 16:00:00,4191.43,4204.39,4167.93,4192.85,0
6/4/2021 16:00:00,4206.05,4233.45,4206.05,4229.89,0
6/7/2021 16:00:00,4229.34,4232.34,4215.66,4226.52,0
6/8/2021 16:00:00,4233.81,4236.74,4208.41,4227.26,0
6/9/2021 16:00:00,4232.99,4237.09,4218.74,4219.55,0
6/10/2021 16:00:00,4228.56,4249.74,4220.34,4239.18,0
6/11/2021 16:00:00,4242.9,4248.38,4232.25,4247.44,0
6/14/2021 16:00:00,4248.31,4255.59,4234.07,4255.15,0
6/15/2021 16:00:00,4255.28,4257.16,4238.35,4246.59,0
6/16/2021 16:00:00,4248.87,4251.89,4202.45,4223.7,0
6/17/2021 16:00:00,4220.37,4232.29,4196.05,4221.86,0
6/18/2021 16:00:00,4204.78,4204.78,4164.4,4166.45,0
6/21/2021 16:00:00,4173.4,4226.24,4173.4,4224.79,0
6/22/2021 16:00:00,4224.61,4255.84,4217.27,4246.44,0
6/23/2021 16:00:00,4249.27,4256.6,4241.43,4241.84,0
6/24/2021 16:00:00,4256.97,4271.28,4256.97,4266.49,0
6/25/2021 16:00:00,4274.45,4286.12,4271.16,4280.7,0
6/28/2021 16:00:00,4284.9,4292.14,4274.67,4290.61,0
6/29/2021 16:00:00,4293.21,4300.52,4287.04,4291.8,0
6/30/2021 16:00:00,4290.65,4302.43,4287.96,4297.5,0
7/1/2021 16:00:00,4300.73,4320.66,4300.73,4319.94,0
7/2/2021 16:00:00,4326.6,4355.43,4326.6,4352.34,0
7/6/2021 16:00:00,4356.46,4356.46,4314.37,4343.54,0
7/7/2021 16:00:00,4351.01,4361.88,4329.79,4358.13,0
7/8/2021 16:00:00,4321.07,4330.88,4289.37,4320.82,0
7/9/2021 16:00:00,4329.38,4371.6,4329.38,4369.55,0
7/12/2021 16:00:00,4372.41,4386.68,4364.03,4384.63,0
7/13/2021 16:00:00,4381.07,4392.37,4366.92,4369.21,0
7/14/2021 16:00:00,4380.11,4393.68,4362.36,4374.3,0
7/15/2021 16:00:00,4369.02,4369.02,4340.7,4360.03,0
7/16/2021 16:00:00,4367.43,4375.09,4322.53,4327.16,0
7/19/2021 16:00:00,4296.4,4296.4,4233.13,4258.49,0
7/20/2021 16:00:00,4265.11,4336.84,4262.05,4323.06,0
7/21/2021 16:00:00,4331.13,4359.7,4331.13,4358.69,0
7/22/2021 16:00:00,4361.27,4369.87,4350.06,4367.48,0
7/23/2021 16:00:00,4381.2,4415.18,4381.2,4411.79,0
7/26/2021 16:00:00,4409.58,4422.73,4405.45,4422.3,0
7/27/2021 16:00:00,4416.38,4416.38,4372.51,4401.46,0
7/28/2021 16:00:00,4402.95,4415.47,4387.01,4400.64,0
7/29/2021 16:00:00,4403.59,4429.97,4403.59,4419.15,0
7/30/2021 16:00:00,4395.12,4412.25,4389.65,4395.26,0
8/2/2021 16:00:00,4406.86,4422.18,4384.81,4387.16,0
8/3/2021 16:00:00,4392.74,4423.79,4373,4423.15,0
8/4/2021 16:00:00,4415.95,4416.17,4400.23,4402.66,0
8/5/2021 16:00:00,4408.86,4429.76,4408.86,4429.1,0
8/6/2021 16:00:00,4429.07,4440.82,4429.07,4436.52,0
8/9/2021 16:00:00,4437.77,4439.39,4424.74,4432.35,0
8/10/2021 16:00:00,4435.79,4445.21,4430.03,4436.75,0
8/11/2021 16:00:00,4442.18,4449.44,4436.42,4447.7,0
8/12/2021 16:00:00,4446.08,4461.77,4435.96,4460.83,0
8/13/2021 16:00:00,4464.84,4468.37,4460.82,4468,0
8/16/2021 16:00:00,4461.65,4480.26,4437.66,4479.71,0
8/17/2021 16:00:00,4462.12,4462.12,4417.83,4448.08,0
8/18/2021 16:00:00,4440.94,4454.32,4397.59,4400.27,0
8/19/2021 16:00:00,4382.44,4418.61,4367.73,4405.8,0
8/20/2021 16:00:00,4410.56,4444.35,4406.8,4441.67,0
8/23/2021 16:00:00,4450.29,4489.88,4450.29,4479.53,0
8/24/2021 16:00:00,4484.4,4492.81,4482.28,4486.23,0
8/25/2021 16:00:00,4490.45,4501.71,4485.66,4496.19,0
8/26/2021 16:00:00,4493.75,4495.9,4468.99,4470,0
8/27/2021 16:00:00,4474.1,4513.33,4474.1,4509.37,0
8/30/2021 16:00:00,4513.76,4537.36,4513.76,4528.79,0
8/31/2021 16:00:00,4529.75,4531.39,4515.8,4522.68,0
9/1/2021 16:00:00,4528.8,4537.11,4522.02,4524.09,0
9/2/2021 16:00:00,4534.48,4545.85,4524.66,4536.95,0
9/3/2021 16:00:00,4532.42,4541.45,4521.3,4535.43,0
9/7/2021 16:00:00,4535.38,4535.38,4513,4520.03,0
9/8/2021 16:00:00,4518.09,4521.79,4493.95,4514.07,0
9/9/2021 16:00:00,4513.02,4529.9,4492.07,4493.28,0
9/10/2021 16:00:00,4506.92,4520.47,4457.66,4458.58,0
9/13/2021 16:00:00,4474.81,4492.99,4445.7,4468.73,0
9/14/2021 16:00:00,4479.33,4485.68,4435.46,4443.05,0
9/15/2021 16:00:00,4447.49,4486.87,4438.37,4480.7,0
9/16/2021 16:00:00,4477.09,4485.87,4443.8,4473.75,0
9/17/2021 16:00:00,4469.74,4471.52,4427.76,4432.99,0
9/20/2021 16:00:00,4402.95,4402.95,4305.91,4357.73,0
9/21/2021 16:00:00,4374.45,4394.87,4347.96,4354.19,0
9/22/2021 16:00:00,4367.43,4416.75,4367.43,4395.64,0
9/23/2021 16:00:00,4406.75,4465.4,4406.75,4448.98,0
9/24/2021 16:00:00,4438.04,4463.12,4430.44,4455.48,0
9/27/2021 16:00:00,4442.12,4457.3,4436.19,4443.11,0
9/28/2021 16:00:00,4419.54,4419.54,4346.33,4352.63,0
9/29/2021 16:00:00,4362.41,4385.57,4355.08,4359.46,0
9/30/2021 16:00:00,4370.67,4382.55,4306.24,4307.54,0
10/1/2021 16:00:00,4317.16,4375.19,4288.52,4357.04,0
10/4/2021 16:00:00,4348.84,4355.51,4278.94,4300.46,0
10/5/2021 16:00:00,4309.87,4369.23,4309.87,4345.72,0
10/6/2021 16:00:00,4319.57,4365.57,4290.49,4363.55,0
10/7/2021 16:00:00,4383.73,4429.97,4383.73,4399.76,0
10/8/2021 16:00:00,4406.51,4412.02,4386.22,4391.34,0
10/11/2021 16:00:00,4385.44,4415.88,4360.59,4361.19,0
10/12/2021 16:00:00,4368.31,4374.89,4342.09,4350.65,0
10/13/2021 16:00:00,4358.01,4372.87,4329.92,4363.8,0
10/14/2021 16:00:00,4386.75,4439.73,4386.75,4438.26,0
10/15/2021 16:00:00,4447.69,4475.82,4447.69,4471.37,0
10/18/2021 16:00:00,4463.72,4488.75,4447.47,4486.46,0
10/19/2021 16:00:00,4497.34,4520.4,4496.41,4519.63,0
10/20/2021 16:00:00,4524.42,4540.87,4524.4,4536.19,0
10/21/2021 16:00:00,4532.24,4551.44,4526.89,4549.78,0
10/22/2021 16:00:00,4546.12,4559.67,4524,4544.9,0
10/25/2021 16:00:00,4553.69,4572.62,4537.36,4566.48,0
10/26/2021 16:00:00,4578.69,4598.53,4569.17,4574.79,0
10/27/2021 16:00:00,4580.22,4584.57,4551.66,4551.68,0
10/28/2021 16:00:00,4562.84,4597.55,4562.84,4596.42,0
10/29/2021 16:00:00,4572.87,4608.08,4567.59,4605.38,0
11/1/2021 16:00:00,4610.62,4620.34,4595.06,4613.67,0
11/2/2021 16:00:00,4613.34,4635.15,4613.34,4630.65,0
11/3/2021 16:00:00,4630.65,4663.46,4621.19,4660.57,0
11/4/2021 16:00:00,4662.93,4683,4662.59,4680.06,0
11/5/2021 16:00:00,4699.26,4718.5,4681.32,4697.53,0
11/8/2021 16:00:00,4701.48,4714.92,4694.39,4701.7,0
11/9/2021 16:00:00,4707.25,4708.53,4670.87,4685.25,0
11/10/2021 16:00:00,4670.26,4684.85,4630.86,4646.71,0
11/11/2021 16:00:00,4659.39,4664.55,4648.31,4649.27,0
11/12/2021 16:00:00,4655.24,4688.47,4650.77,4682.85,0
11/15/2021 16:00:00,4689.3,4697.42,4672.86,4682.8,0
11/16/2021 16:00:00,4679.42,4714.95,4679.42,4700.9,0
11/17/2021 16:00:00,4701.5,4701.5,4684.41,4688.67,0
11/18/2021 16:00:00,4700.72,4708.8,4672.78,4704.54,0
11/19/2021 16:00:00,4708.44,4717.75,4694.22,4697.96,0
11/22/2021 16:00:00,4712,4743.83,4682.17,4682.94,0
11/23/2021 16:00:00,4678.48,4699.39,4652.66,4690.7,0
11/24/2021 16:00:00,4675.78,4702.87,4659.89,4701.46,0
11/26/2021 13:00:00,4664.63,4664.63,4585.43,4594.62,0
11/29/2021 16:00:00,4628.75,4672.95,4625.26,4655.27,0
11/30/2021 16:00:00,4640.25,4646.02,4560,4567,0
12/1/2021 16:00:00,4602.82,4652.94,4510.27,4513.04,0
12/2/2021 16:00:00,4504.73,4595.46,4504.73,4577.1,0
12/3/2021 16:00:00,4589.49,4608.03,4495.12,4538.43,0
12/6/2021 16:00:00,4548.37,4612.6,4540.51,4591.67,0
12/7/2021 16:00:00,4631.97,4694.04,4631.97,4686.75,0
12/8/2021 16:00:00,4690.86,4705.06,4674.52,4701.21,0
12/9/2021 16:00:00,4691,4695.26,4665.98,4667.45,0
12/10/2021 16:00:00,4687.64,4713.57,4670.24,4712.02,0
12/13/2021 16:00:00,4710.3,4710.3,4667.6,4668.97,0
12/14/2021 16:00:00,4642.99,4660.47,4606.52,4634.09,0
12/15/2021 16:00:00,4636.46,4712.6,4611.22,4709.85,0
12/16/2021 16:00:00,4719.13,4731.99,4651.89,4668.67,0
12/17/2021 16:00:00,4652.5,4666.7,4600.22,4620.64,0
12/20/2021 16:00:00,4587.9,4587.9,4531.1,4568.02,0
12/21/2021 16:00:00,4594.96,4651.14,4583.16,4649.23,0
12/22/2021 16:00:00,4650.36,4697.67,4645.53,4696.56,0
12/23/2021 16:00:00,4703.96,4740.74,4703.96,4725.79,0
12/27/2021 16:00:00,4733.99,4791.49,4733.99,4791.19,0
12/28/2021 16:00:00,4795.49,4807.02,4780.04,4786.35,0
12/29/2021 16:00:00,4788.64,4804.06,4778.08,4793.06,0
12/30/2021 16:00:00,4794.23,4808.93,4775.33,4778.73,0
12/31/2021 16:00:00,4775.21,4786.83,4765.75,4766.18,0
1/3/2022 16:00:00,4778.14,4796.64,4758.17,4796.56,0
1/4/2022 16:00:00,4804.51,4818.62,4774.27,4793.54,0
1/5/2022 16:00:00,4787.99,4797.7,4699.44,4700.58,0
1/6/2022 16:00:00,4693.39,4725.01,4671.26,4696.05,0
1/7/2022 16:00:00,4697.66,4707.95,4662.74,4677.03,0
1/10/2022 16:00:00,4655.34,4673.02,4582.24,4670.29,0
1/11/2022 16:00:00,4669.14,4714.13,4638.27,4713.07,0
1/12/2022 16:00:00,4728.59,4748.83,4706.71,4726.35,0
1/13/2022 16:00:00,4733.56,4744.13,4650.29,4659.03,0
1/14/2022 16:00:00,4637.99,4665.13,4614.75,4662.85,0
1/18/2022 16:00:00,4632.24,4632.24,4568.7,4577.11,0
1/19/2022 16:00:00,4588.03,4611.55,4530.2,4532.76,0
1/20/2022 16:00:00,4547.35,4602.11,4477.95,4482.73,0
1/21/2022 16:00:00,4471.38,4494.52,4395.34,4397.94,0
1/24/2022 16:00:00,4356.32,4417.35,4222.62,4410.13,0
1/25/2022 16:00:00,4366.64,4411.01,4287.11,4356.45,0
1/26/2022 16:00:00,4408.43,4453.23,4304.8,4349.93,0
1/27/2022 16:00:00,4380.58,4428.74,4309.5,4326.51,0
1/28/2022 16:00:00,4336.19,4432.72,4292.46,4431.85,0
1/31/2022 16:00:00,4431.79,4516.89,4414.02,4515.55,0
2/1/2022 16:00:00,4519.57,4550.49,4483.53,4546.54,0
2/2/2022 16:00:00,4566.39,4595.31,4544.32,4589.38,0
2/3/2022 16:00:00,4535.41,4542.88,4470.39,4477.44,0
2/4/2022 16:00:00,4482.79,4539.66,4451.5,4500.53,0
2/7/2022 16:00:00,4505.75,4521.86,4471.47,4483.87,0
2/8/2022 16:00:00,4480.02,4531.32,4465.4,4521.54,0
2/9/2022 16:00:00,4547,4590.03,4547,4587.18,0
2/10/2022 16:00:00,4553.24,4588.92,4484.31,4504.08,0
2/11/2022 16:00:00,4506.27,4526.33,4401.41,4418.64,0
2/14/2022 16:00:00,4412.61,4426.22,4364.84,4401.67,0
2/15/2022 16:00:00,4429.28,4472.77,4429.28,4471.07,0
2/16/2022 16:00:00,4455.75,4489.55,4429.68,4475.01,0
2/17/2022 16:00:00,4456.06,4456.06,4373.81,4380.26,0
2/18/2022 16:00:00,4384.57,4394.6,4327.22,4348.87,0
2/22/2022 16:00:00,4332.74,4362.12,4267.11,4304.76,0
2/23/2022 16:00:00,4324.93,4341.51,4221.51,4225.5,0
2/24/2022 16:00:00,4155.77,4294.73,4114.65,4288.7,0
2/25/2022 16:00:00,4298.38,4385.34,4286.83,4384.65,0
2/28/2022 16:00:00,4354.17,4388.84,4315.12,4373.94,0
3/1/2022 16:00:00,4363.14,4378.45,4279.54,4306.26,0
3/2/2022 16:00:00,4322.56,4401.48,4322.56,4386.54,0
3/3/2022 16:00:00,4401.31,4416.78,4345.56,4363.49,0
3/4/2022 16:00:00,4342.12,4342.12,4284.98,4328.87,0
3/7/2022 16:00:00,4327.01,4327.01,4199.85,4201.09,0
3/8/2022 16:00:00,4202.66,4276.94,4157.87,4170.7,0
3/9/2022 16:00:00,4223.1,4299.4,4223.1,4277.88,0
3/10/2022 16:00:00,4252.55,4268.28,4209.8,4259.52,0
3/11/2022 16:00:00,4279.5,4291.01,4200.49,4204.31,0
3/14/2022 16:00:00,4202.75,4247.57,4161.72,4173.11,0
3/15/2022 16:00:00,4188.82,4271.05,4187.9,4262.45,0
3/16/2022 16:00:00,4288.14,4358.9,4251.99,4357.86,0
3/17/2022 16:00:00,4345.11,4412.67,4335.65,4411.67,0
3/18/2022 16:00:00,4407.34,4465.4,4390.57,4463.12,0
3/21/2022 16:00:00,4462.4,4481.75,4424.3,4461.18,0
3/22/2022 16:00:00,4469.1,4522,4469.1,4511.61,0
3/23/2022 16:00:00,4493.1,4501.07,4455.81,4456.24,0
3/24/2022 16:00:00,4469.98,4520.58,4465.17,4520.16,0
3/25/2022 16:00:00,4522.91,4546.03,4501.07,4543.06,0
3/28/2022 16:00:00,4541.09,4575.65,4517.69,4575.52,0
3/29/2022 16:00:00,4602.86,4637.3,4589.66,4631.6,0
3/30/2022 16:00:00,4624.2,4627.77,4581.32,4602.45,0
3/31/2022 16:00:00,4599.02,4603.07,4530.41,4530.41,0
4/1/2022 16:00:00,4540.32,4548.7,4507.57,4545.86,0
4/4/2022 16:00:00,4547.97,4583.5,4539.21,4582.64,0
4/5/2022 16:00:00,4572.45,4593.45,4514.17,4525.12,0
4/6/2022 16:00:00,4494.17,4503.94,4450.04,4481.15,0
4/7/2022 16:00:00,4474.65,4521.16,4450.3,4500.21,0
4/8/2022 16:00:00,4494.15,4520.41,4474.6,4488.28,0
4/11/2022 16:00:00,4462.64,4464.35,4408.38,4412.53,0
4/12/2022 16:00:00,4437.59,4471,4381.34,4397.45,0
4/13/2022 16:00:00,4394.3,4453.92,4392.7,4446.59,0
4/14/2022 16:00:00,4449.12,4460.46,4390.77,4392.59,0
4/18/2022 16:00:00,4385.63,4410.31,4370.3,4391.69,0
4/19/2022 16:00:00,4390.63,4471.03,4390.63,4462.21,0
4/20/2022 16:00:00,4472.26,4488.29,4448.76,4459.45,0
4/21/2022 16:00:00,4489.17,4512.94,4384.47,4393.66,0
4/22/2022 16:00:00,4385.83,4385.83,4267.62,4271.78,0
4/25/2022 16:00:00,4255.34,4299.02,4200.82,4296.12,0
4/26/2022 16:00:00,4278.14,4278.14,4175.04,4175.2,0
4/27/2022 16:00:00,4186.52,4240.71,4162.9,4183.96,0
4/28/2022 16:00:00,4222.58,4308.45,4188.63,4287.5,0
4/29/2022 16:00:00,4253.75,4269.68,4124.28,4131.93,0
5/2/2022 16:00:00,4130.61,4169.81,4062.51,4155.38,0
5/3/2022 16:00:00,4159.78,4200.1,4147.08,4175.48,0
5/4/2022 16:00:00,4181.18,4307.66,4148.91,4300.17,0
5/5/2022 16:00:00,4270.43,4270.43,4106.01,4146.87,0
5/6/2022 16:00:00,4128.17,4157.69,4067.91,4123.34,0
5/9/2022 16:00:00,4081.27,4081.27,3975.48,3991.24,0
5/10/2022 16:00:00,4035.18,4068.82,3958.17,4001.05,0
5/11/2022 16:00:00,3990.08,4049.09,3928.82,3935.18,0
5/12/2022 16:00:00,3903.95,3964.8,3858.87,3930.08,0
5/13/2022 16:00:00,3963.9,4038.88,3963.9,4023.89,0
5/16/2022 16:00:00,4013.02,4046.46,3983.99,4008.01,0
5/17/2022 16:00:00,4052,4090.72,4033.93,4088.85,0
5/18/2022 16:00:00,4051.98,4051.98,3911.91,3923.68,0
5/19/2022 16:00:00,3899,3945.96,3876.58,3900.79,0
5/20/2022 16:00:00,3927.76,3943.42,3810.32,3901.36,0
5/23/2022 16:00:00,3919.42,3981.88,3909.04,3973.75,0
5/24/2022 16:00:00,3942.94,3955.68,3875.13,3941.48,0
5/25/2022 16:00:00,3929.59,3999.33,3925.03,3978.73,0
5/26/2022 16:00:00,3984.6,4075.14,3984.6,4057.84,0
5/27/2022 16:00:00,4077.43,4158.49,4077.43,4158.24,0
5/31/2022 16:00:00,4151.09,4168.34,4104.88,4132.15,0
6/1/2022 16:00:00,4149.78,4166.54,4073.85,4101.23,0
6/2/2022 16:00:00,4095.41,4177.51,4074.37,4176.82,0
6/3/2022 16:00:00,4137.57,4142.67,4098.67,4108.54,0
6/6/2022 16:00:00,4134.72,4168.78,4109.18,4121.43,0
6/7/2022 16:00:00,4096.47,4164.86,4080.19,4160.68,0
6/8/2022 16:00:00,4147.12,4160.14,4107.2,4115.77,0
6/9/2022 16:00:00,4101.65,4119.1,4017.17,4017.82,0
6/10/2022 16:00:00,3974.39,3974.39,3900.16,3900.86,0
6/13/2022 16:00:00,3838.15,3838.15,3734.3,3749.63,0
6/14/2022 16:00:00,3763.52,3778.18,3705.68,3735.48,0
6/15/2022 16:00:00,3764.05,3837.56,3722.3,3789.99,0
6/16/2022 16:00:00,3728.18,3728.18,3639.77,3666.77,0
6/17/2022 16:00:00,3665.9,3707.71,3636.87,3674.84,0
6/21/2022 16:00:00,3715.31,3779.65,3715.31,3764.79,0
6/22/2022 16:00:00,3733.89,3801.79,3717.69,3759.89,0
6/23/2022 16:00:00,3774.71,3802.58,3743.52,3795.73,0
6/24/2022 16:00:00,3821.75,3913.65,3821.75,3911.74,0
6/27/2022 16:00:00,3920.76,3927.72,3889.66,3900.11,0
6/28/2022 16:00:00,3913,3945.86,3820.14,3821.55,0
6/29/2022 16:00:00,3825.09,3836.5,3799.02,3818.83,0
6/30/2022 16:00:00,3785.99,3818.99,3738.67,3785.38,0
7/1/2022 16:00:00,3781,3829.82,3752.1,3825.33,0
7/5/2022 16:00:00,3792.61,3832.19,3742.06,3831.39,0
7/6/2022 16:00:00,3831.98,3870.91,3809.37,3845.08,0
7/7/2022 16:00:00,3858.85,3910.63,3858.85,3902.62,0
7/8/2022 16:00:00,3888.26,3918.5,3869.34,3899.38,0
7/11/2022 16:00:00,3880.94,3880.94,3847.22,3854.43,0
7/12/2022 16:00:00,3851.95,3873.41,3802.36,3818.8,0
7/13/2022 16:00:00,3779.67,3829.44,3759.07,3801.78,0
7/14/2022 16:00:00,3763.99,3796.41,3721.56,3790.38,0
7/15/2022 16:00:00,3818,3863.62,3817.18,3863.16,0
7/18/2022 16:00:00,3883.79,3902.44,3818.63,3830.85,0
7/19/2022 16:00:00,3860.73,3939.81,3860.73,3936.69,0
7/20/2022 16:00:00,3935.32,3974.13,3922.03,3959.9,0
7/21/2022 16:00:00,3955.47,3999.29,3927.64,3998.95,0
7/22/2022 16:00:00,3998.43,4012.44,3938.86,3961.63,0
7/25/2022 16:00:00,3965.72,3975.3,3943.46,3966.84,0
7/26/2022 16:00:00,3953.22,3953.22,3910.74,3921.05,0
7/27/2022 16:00:00,3951.43,4039.56,3951.43,4023.61,0
7/28/2022 16:00:00,4026.13,4078.95,3992.97,4072.43,0
7/29/2022 16:00:00,4087.33,4140.15,4079.22,4130.29,0
8/1/2022 16:00:00,4112.38,4144.95,4096.02,4118.63,0
8/2/2022 16:00:00,4104.21,4140.47,4079.81,4091.19,0
8/3/2022 16:00:00,4107.96,4167.66,4107.96,4155.17,0
8/4/2022 16:00:00,4154.85,4161.29,4135.42,4151.94,0
8/5/2022 16:00:00,4115.87,4151.58,4107.31,4145.19,0
8/8/2022 16:00:00,4155.93,4186.62,4128.97,4140.06,0
8/9/2022 16:00:00,4133.11,4137.3,4112.09,4122.47,0
8/10/2022 16:00:00,4181.02,4211.03,4177.26,4210.24,0
8/11/2022 16:00:00,4227.4,4257.91,4201.41,4207.27,0
8/12/2022 16:00:00,4225.02,4280.47,4219.78,4280.15,0
8/15/2022 16:00:00,4269.37,4301.79,4256.9,4297.14,0
8/16/2022 16:00:00,4290.46,4325.28,4277.77,4305.2,0
8/17/2022 16:00:00,4280.4,4302.18,4253.08,4274.04,0
8/18/2022 16:00:00,4273.13,4292.53,4261.98,4283.74,0
8/19/2022 16:00:00,4266.31,4266.31,4218.7,4228.48,0
8/22/2022 16:00:00,4195.08,4195.08,4129.86,4137.99,0
8/23/2022 16:00:00,4133.09,4159.77,4124.03,4128.73,0
8/24/2022 16:00:00,4126.55,4156.56,4119.97,4140.77,0
8/25/2022 16:00:00,4153.26,4200.54,4147.59,4199.12,0
8/26/2022 16:00:00,4198.74,4203.04,4057.66,4057.66,0
8/29/2022 16:00:00,4034.58,4062.99,4017.42,4030.61,0
8/30/2022 16:00:00,4041.25,4044.98,3965.21,3986.16,0
8/31/2022 16:00:00,4000.67,4015.37,3954.53,3955,0
9/1/2022 16:00:00,3936.73,3970.23,3903.65,3966.85,0
9/2/2022 16:00:00,3994.66,4018.43,3906.21,3924.26,0
9/6/2022 16:00:00,3930.89,3942.55,3886.75,3908.19,0
9/7/2022 16:00:00,3909.43,3987.89,3906.03,3979.87,0
9/8/2022 16:00:00,3959.94,4010.5,3944.81,4006.18,0
9/9/2022 16:00:00,4022.94,4076.81,4022.94,4067.36,0
9/12/2022 16:00:00,4083.67,4119.28,4083.67,4110.41,0
9/13/2022 16:00:00,4037.12,4037.12,3921.28,3932.69,0
9/14/2022 16:00:00,3940.73,3961.94,3912.18,3946.01,0
9/15/2022 16:00:00,3932.41,3959.14,3888.28,3901.35,0
9/16/2022 16:00:00,3880.95,3880.95,3837.08,3873.33,0
9/19/2022 16:00:00,3849.91,3900.45,3838.5,3899.89,0
9/20/2022 16:00:00,3875.23,3876.01,3827.54,3855.93,0
9/21/2022 16:00:00,3871.4,3907.07,3789.49,3789.93,0
9/22/2022 16:00:00,3782.36,3790.9,3749.45,3757.99,0
9/23/2022 16:00:00,3727.14,3727.14,3647.47,3693.23,0
9/26/2022 16:00:00,3682.72,3715.67,3644.76,3655.04,0
9/27/2022 16:00:00,3686.44,3717.53,3623.29,3647.29,0
9/28/2022 16:00:00,3651.94,3736.74,3640.61,3719.04,0
9/29/2022 16:00:00,3687.01,3687.01,3610.4,3640.47,0
9/30/2022 16:00:00,3633.48,3671.44,3584.13,3585.62,0
10/3/2022 16:00:00,3609.78,3698.35,3604.93,3678.43,0
10/4/2022 16:00:00,3726.46,3791.92,3726.46,3790.93,0
10/5/2022 16:00:00,3753.25,3806.91,3722.66,3783.28,0
10/6/2022 16:00:00,3771.97,3797.93,3739.22,3744.52,0
10/7/2022 16:00:00,3706.74,3706.74,3620.73,3639.66,0
10/10/2022 16:00:00,3647.51,3652.17,3588.1,3612.39,0
10/11/2022 16:00:00,3595.86,3640.66,3568.45,3588.84,0
10/12/2022 16:00:00,3590.83,3608.34,3573.86,3577.03,0
10/13/2022 16:00:00,3520.37,3685.41,3491.58,3669.91,0
10/14/2022 16:00:00,3690.41,3712,3579.68,3583.07,0
10/17/2022 16:00:00,3638.65,3689.73,3638.65,3677.95,0
10/18/2022 16:00:00,3746.26,3762.79,3686.53,3719.98,0
10/19/2022 16:00:00,3703.11,3728.58,3666.51,3695.16,0
10/20/2022 16:00:00,3689.05,3736,3656.44,3665.78,0
10/21/2022 16:00:00,3657.1,3757.89,3647.42,3752.75,0
10/24/2022 16:00:00,3762.01,3810.74,3741.65,3797.34,0
10/25/2022 16:00:00,3799.44,3862.85,3799.44,3859.11,0
10/26/2022 16:00:00,3825.97,3886.15,3824.07,3830.6,0
10/27/2022 16:00:00,3834.69,3859.95,3803.79,3807.3,0
10/28/2022 16:00:00,3808.26,3905.42,3808.26,3901.06,0
10/31/2022 16:00:00,3881.85,3893.73,3863.18,3871.98,0
11/1/2022 16:00:00,3901.79,3911.79,3843.8,3856.1,0
11/2/2022 16:00:00,3852.9,3894.44,3758.68,3759.69,0
11/3/2022 16:00:00,3733.25,3750.59,3698.15,3719.89,0
11/4/2022 16:00:00,3766.98,3796.34,3708.84,3770.55,0
11/7/2022 16:00:00,3780.71,3813.95,3764.7,3806.8,0
11/8/2022 16:00:00,3817.02,3859.4,3786.28,3828.11,0
11/9/2022 16:00:00,3810.94,3818.2,3744.22,3748.57,0
11/10/2022 16:00:00,3859.89,3958.33,3859.89,3956.37,0
11/11/2022 16:00:00,3963.72,4001.48,3944.82,3992.93,0
11/14/2022 16:00:00,3977.97,4008.97,3956.4,3957.25,0
11/15/2022 16:00:00,4006.41,4028.84,3953.17,3991.73,0
11/16/2022 16:00:00,3976.82,3983.09,3954.34,3958.79,0
11/17/2022 16:00:00,3919.26,3954.33,3906.54,3946.56,0
11/18/2022 16:00:00,3966.39,3979.89,3935.98,3965.34,0
11/21/2022 16:00:00,3956.23,3962,3933.34,3949.94,0
11/22/2022 16:00:00,3965.51,4005.88,3956.88,4003.58,0
11/25/2022 13:00:00,4000.3,4034.02,3998.66,4026.12,0
11/28/2022 16:00:00,4005.36,4012.27,3955.77,3963.94,0
11/29/2022 16:00:00,3964.19,3976.77,3937.65,3957.63,0
11/30/2022 16:00:00,3957.18,4080.11,3938.58,4080.11,0
12/1/2022 16:00:00,4087.14,4100.51,4050.87,4076.57,0
12/2/2022 16:00:00,4040.17,4080.48,4026.63,4071.7,0
12/5/2022 16:00:00,4052.02,4052.45,3984.49,3998.84,0
12/6/2022 16:00:00,3996.63,4001.51,3918.39,3941.26,0
12/7/2022 16:00:00,3933.28,3957.57,3922.68,3933.92,0
12/8/2022 16:00:00,3947.79,3974.19,3935.83,3963.51,0
12/9/2022 16:00:00,3954.17,3977.02,3933.04,3934.38,0
12/12/2022 16:00:00,3939.29,3990.71,3935.3,3990.56,0
12/13/2022 16:00:00,4069.38,4100.96,3993.03,4019.65,0
12/14/2022 16:00:00,4015.54,4053.76,3965.65,3995.32,0
12/15/2022 16:00:00,3958.37,3958.37,3879.45,3895.75,0
12/16/2022 16:00:00,3890.91,3890.91,3827.91,3852.36,0
12/19/2022 16:00:00,3853.79,3854.86,3800.04,3817.66,0
12/20/2022 16:00:00,3810.47,3838.24,3795.62,3821.62,0
12/21/2022 16:00:00,3839.49,3889.82,3839.49,3878.44,0
12/22/2022 16:00:00,3853.26,3853.26,3764.49,3822.39,0
12/23/2022 16:00:00,3815.11,3845.8,3797.01,3844.82,0
12/27/2022 16:00:00,3843.34,3846.65,3813.22,3829.25,0
12/28/2022 16:00:00,3829.56,3848.32,3780.78,3783.22,0
12/29/2022 16:00:00,3805.45,3858.19,3805.45,3849.28,0
12/30/2022 16:00:00,3829.06,3839.85,3800.34,3839.5,0
1/3/2023 16:00:00,3853.29,3878.46,3794.33,3824.14,0
1/4/2023 16:00:00,3840.36,3873.16,3815.77,3852.97,0
1/5/2023 16:00:00,3839.74,3839.74,3802.42,3808.1,0
1/6/2023 16:00:00,3823.37,3906.19,3809.56,3895.08,0
1/9/2023 16:00:00,3910.82,3950.57,3890.42,3892.09,0
1/10/2023 16:00:00,3888.57,3919.83,3877.29,3919.25,0
1/11/2023 16:00:00,3932.35,3970.07,3928.54,3969.61,0
1/12/2023 16:00:00,3977.57,3997.76,3937.56,3983.17,0
1/13/2023 16:00:00,3960.6,4003.95,3947.67,3999.09,0
1/17/2023 16:00:00,3999.28,4015.39,3984.57,3990.97,0
1/18/2023 16:00:00,4002.25,4014.16,3926.59,3928.86,0
1/19/2023 16:00:00,3911.84,3922.94,3885.54,3898.85,0
1/20/2023 16:00:00,3909.04,3972.96,3897.86,3972.61,0
1/23/2023 16:00:00,3978.14,4039.31,3971.64,4019.81,0
1/24/2023 16:00:00,4001.74,4023.92,3989.79,4016.95,0
1/25/2023 16:00:00,3982.71,4019.55,3949.06,4016.22,0
1/26/2023 16:00:00,4036.08,4061.57,4013.29,4060.43,0
1/27/2023 16:00:00,4053.72,4094.21,4048.7,4070.56,0
1/30/2023 16:00:00,4049.27,4063.85,4015.55,4017.77,0
1/31/2023 16:00:00,4020.85,4077.16,4020.44,4076.6,0
2/1/2023 16:00:00,4070.07,4148.95,4037.2,4119.21,0
2/2/2023 16:00:00,4158.68,4195.44,4141.88,4179.76,0
2/3/2023 16:00:00,4136.69,4182.36,4123.36,4136.48,0
2/6/2023 16:00:00,4119.57,4124.63,4093.38,4111.08,0
2/7/2023 16:00:00,4105.35,4176.54,4088.39,4164,0
2/8/2023 16:00:00,4153.47,4156.85,4111.67,4117.86,0
2/9/2023 16:00:00,4144.25,4156.23,4069.67,4081.5,0
2/10/2023 16:00:00,4068.92,4094.36,4060.79,4090.46,0
2/13/2023 16:00:00,4096.62,4138.9,4092.67,4137.29,0
2/14/2023 16:00:00,4126.7,4159.77,4095.01,4136.13,0
2/15/2023 16:00:00,4119.5,4148.11,4103.98,4147.6,0
2/16/2023 16:00:00,4114.75,4136.54,4089.49,4090.41,0
2/17/2023 16:00:00,4077.39,4081.51,4047.95,4079.09,0
2/21/2023 16:00:00,4052.35,4052.35,3995.19,3997.34,0
2/22/2023 16:00:00,4001.83,4017.37,3976.9,3991.05,0
2/23/2023 16:00:00,4018.6,4028.3,3969.19,4012.32,0
2/24/2023 16:00:00,3973.24,3978.25,3943.08,3970.04,0
2/27/2023 16:00:00,3992.36,4018.05,3973.55,3982.24,0
2/28/2023 16:00:00,3977.19,3997.5,3968.98,3970.15,0
3/1/2023 16:00:00,3963.34,3971.73,3939.05,3951.39,0
3/2/2023 16:00:00,3938.68,3990.84,3928.16,3981.35,0
3/3/2023 16:00:00,3998.02,4048.29,3995.17,4045.64,0
3/6/2023 16:00:00,4055.15,4078.49,4044.61,4048.42,0
3/7/2023 16:00:00,4048.26,4050,3980.31,3986.37,0
3/8/2023 16:00:00,3987.55,4000.41,3969.76,3992.01,0
3/9/2023 16:00:00,3998.66,4017.81,3908.7,3918.32,0
3/10/2023 16:00:00,3912.77,3934.05,3846.32,3861.59,0
3/13/2023 16:00:00,3835.12,3905.05,3808.86,3855.76,0
3/14/2023 16:00:00,3894.01,3937.29,3873.63,3919.29,0
3/15/2023 16:00:00,3876.74,3894.26,3838.24,3891.93,0
3/16/2023 16:00:00,3878.93,3964.46,3864.11,3960.28,0
3/17/2023 16:00:00,3958.69,3958.91,3901.27,3916.64,0
3/20/2023 16:00:00,3917.47,3956.62,3916.89,3951.57,0
3/21/2023 16:00:00,3975.89,4009.08,3971.19,4002.87,0
3/22/2023 16:00:00,4002.04,4039.49,3936.17,3936.97,0
3/23/2023 16:00:00,3959.21,4007.66,3919.05,3948.72,0
3/24/2023 16:00:00,3939.21,3972.74,3909.16,3970.99,0
3/27/2023 16:00:00,3982.93,4003.83,3970.49,3977.53,0
3/28/2023 16:00:00,3974.13,3979.2,3951.53,3971.27,0
3/29/2023 16:00:00,3999.53,4030.59,3999.53,4027.81,0
3/30/2023 16:00:00,4046.74,4057.85,4032.1,4050.83,0
3/31/2023 16:00:00,4056.18,4110.75,4056.18,4109.31,0
4/3/2023 16:00:00,4102.2,4127.66,4098.79,4124.51,0
4/4/2023 16:00:00,4128.03,4133.13,4086.87,4100.6,0
4/5/2023 16:00:00,4094.5,4099.69,4072.56,4090.38,0
4/6/2023 16:00:00,4081.15,4107.32,4069.84,4105.02,0
4/10/2023 16:00:00,4085.2,4109.5,4072.55,4109.11,0
4/11/2023 16:00:00,4110.29,4124.26,4102.61,4108.94,0
4/12/2023 16:00:00,4121.72,4134.37,4086.94,4091.95,0
4/13/2023 16:00:00,4100.04,4150.26,4099.4,4146.22,0
4/14/2023 16:00:00,4140.11,4163.19,4113.2,4137.64,0
4/17/2023 16:00:00,4137.17,4151.72,4123.18,4151.32,0
4/18/2023 16:00:00,4164.26,4169.48,4140.36,4154.87,0
4/19/2023 16:00:00,4139.33,4162.57,4134.49,4154.52,0
4/20/2023 16:00:00,4130.48,4148.57,4114.57,4129.79,0
4/21/2023 16:00:00,4132.14,4138.02,4113.86,4133.52,0
4/24/2023 16:00:00,4132.07,4142.41,4117.77,4137.04,0
4/25/2023 16:00:00,4126.43,4126.43,4071.38,4071.63,0
4/26/2023 16:00:00,4087.78,4089.67,4049.35,4055.99,0
4/27/2023 16:00:00,4075.29,4138.24,4075.29,4135.35,0
4/28/2023 16:00:00,4129.63,4170.06,4127.18,4169.48,0
5/1/2023 16:00:00,4166.79,4186.92,4164.12,4167.87,0
5/2/2023 16:00:00,4164.1,4164.1,4089.72,4119.58,0
5/3/2023 16:00:00,4122.25,4148.3,4088.86,4090.75,0
5/4/2023 16:00:00,4082.55,4082.61,4048.28,4061.22,0
5/5/2023 16:00:00,4084.73,4147.02,4084.73,4136.25,0
5/8/2023 16:00:00,4136.98,4142.3,4123.81,4138.12,0
5/9/2023 16:00:00,4124.25,4130.35,4116.65,4119.17,0
5/10/2023 16:00:00,4143.74,4154.28,4098.92,4137.64,0
5/11/2023 16:00:00,4132.24,4132.8,4109.29,4130.62,0
5/12/2023 16:00:00,4138.54,4143.74,4099.12,4124.08,0
5/15/2023 16:00:00,4126.65,4141.25,4110.27,4136.28,0
5/16/2023 16:00:00,4127.95,4135.54,4109.86,4109.9,0
5/17/2023 16:00:00,4122.85,4164.67,4113.62,4158.77,0
5/18/2023 16:00:00,4157.68,4202.2,4153.5,4198.05,0
5/19/2023 16:00:00,4204.15,4212.91,4180.2,4191.98,0
5/22/2023 16:00:00,4190.78,4209.22,4179.68,4192.63,0
5/23/2023 16:00:00,4176.8,4185.68,4142.54,4145.58,0
5/24/2023 16:00:00,4132.96,4132.96,4103.98,4115.24,0
5/25/2023 16:00:00,4155.71,4165.74,4129.73,4151.28,0
5/26/2023 16:00:00,4156.16,4212.87,4156.16,4205.45,0
5/30/2023 16:00:00,4226.71,4231.1,4192.18,4205.52,0
5/31/2023 16:00:00,4190.74,4195.44,4166.15,4179.83,0
6/1/2023 16:00:00,4183.03,4232.43,4171.64,4221.02,0
6/2/2023 16:00:00,4241.01,4290.67,4241.01,4282.37,0
6/5/2023 16:00:00,4282.99,4299.28,4266.82,4273.79,0
6/6/2023 16:00:00,4271.34,4288.33,4263.09,4283.85,0
6/7/2023 16:00:00,4285.47,4299.19,4263.96,4267.52,0
6/8/2023 16:00:00,4268.69,4298.01,4261.07,4293.93,0
6/9/2023 16:00:00,4304.88,4322.62,4291.7,4298.86,0
6/12/2023 16:00:00,4308.32,4340.13,4304.37,4338.93,0
6/13/2023 16:00:00,4352.61,4375.37,4349.31,4369.01,0
6/14/2023 16:00:00,4366.29,4391.82,4337.85,4372.59,0
6/15/2023 16:00:00,4365.33,4439.2,4362.6,4425.84,0
6/16/2023 16:00:00,4440.95,4448.47,4407.44,4409.59,0
6/20/2023 16:00:00,4396.11,4400.15,4367.19,4388.71,0
6/21/2023 16:00:00,4380.01,4386.22,4360.14,4365.69,0
6/22/2023 16:00:00,4355.4,4382.25,4351.82,4381.89,0
6/23/2023 16:00:00,4354.17,4366.55,4341.34,4348.33,0
6/26/2023 16:00:00,4344.84,4362.06,4328.08,4328.82,0
6/27/2023 16:00:00,4337.36,4384.42,4335,4378.41,0
6/28/2023 16:00:00,4367.48,4390.35,4360.22,4376.86,0
6/29/2023 16:00:00,4374.94,4398.39,4371.97,4396.44,0
6/30/2023 16:00:00,4344.84,4458.48,4328.08,4450.38,0
7/3/2023 13:00:00,4450.48,4456.46,4442.29,4455.59,0
7/5/2023 16:00:00,4442.04,4454.06,4436.61,4446.82,0
7/6/2023 16:00:00,4422.62,4422.62,4385.05,4411.59,0
7/7/2023 16:00:00,4404.54,4440.39,4397.4,4398.95,0
7/10/2023 16:00:00,4394.23,4412.6,4389.92,4409.53,0
7/11/2023 16:00:00,4415.55,4443.64,4408.46,4439.26,0
7/12/2023 16:00:00,4467.69,4488.34,4463.23,4472.16,0
7/13/2023 16:00:00,4491.5,4517.38,4489.36,4510.04,0
7/14/2023 16:00:00,4514.61,4527.76,4499.56,4505.42,0
7/17/2023 16:00:00,4508.86,4532.85,4504.9,4522.79,0
7/18/2023 16:00:00,4521.78,4562.3,4514.59,4554.98,0
7/19/2023 16:00:00,4563.87,4578.43,4557.48,4565.72,0
7/20/2023 16:00:00,4554.38,4564.74,4527.56,4534.87,0
7/21/2023 16:00:00,4550.16,4555,4535.79,4536.34,0
7/24/2023 16:00:00,4543.39,4563.41,4541.29,4554.64,0
7/25/2023 16:00:00,4555.19,4580.62,4552.42,4567.46,0
7/26/2023 16:00:00,4558.96,4582.47,4547.58,4566.75,0
7/27/2023 16:00:00,4598.26,4607.07,4528.56,4537.41,0
7/28/2023 16:00:00,4565.75,4590.16,4564.01,4582.23,0
7/31/2023 16:00:00,4584.82,4594.22,4573.14,4588.96,0
8/1/2023 16:00:00,4578.83,4584.62,4567.53,4576.73,0
8/2/2023 16:00:00,4550.93,4550.93,4505.75,4513.39,0
8/3/2023 16:00:00,4494.27,4519.49,4485.54,4501.89,0
8/4/2023 16:00:00,4513.96,4540.34,4474.55,4478.03,0
8/7/2023 16:00:00,4491.58,4519.84,4491.15,4518.44,0
8/8/2023 16:00:00,4498.03,4503.31,4464.39,4499.38,0
8/9/2023 16:00:00,4501.57,4502.44,4461.33,4467.71,0
8/10/2023 16:00:00,4487.16,4527.37,4457.92,4468.83,0
8/11/2023 16:00:00,4450.69,4476.23,4443.98,4464.05,0
8/14/2023 16:00:00,4458.13,4490.33,4453.44,4489.72,0
8/15/2023 16:00:00,4478.87,4478.87,4432.19,4437.86,0
8/16/2023 16:00:00,4433.79,4449.95,4403.55,4404.33,0
8/17/2023 16:00:00,4416.32,4421.17,4364.83,4370.36,0
8/18/2023 16:00:00,4344.88,4381.82,4335.31,4369.71,0
8/21/2023 16:00:00,4380.28,4407.55,4360.3,4399.77,0
8/22/2023 16:00:00,4415.33,4418.59,4382.77,4387.55,0
8/23/2023 16:00:00,4396.44,4443.18,4396.44,4436.01,0
8/24/2023 16:00:00,4455.16,4458.3,4375.55,4376.31,0
8/25/2023 16:00:00,4389.38,4418.46,4356.29,4405.71,0
8/28/2023 16:00:00,4426.03,4439.56,4414.98,4433.31,0
8/29/2023 16:00:00,4432.75,4500.14,4431.68,4497.63,0
8/30/2023 16:00:00,4500.34,4521.65,4493.59,4514.87,0
8/31/2023 16:00:00,4517.01,4532.26,4507.39,4507.66,0
9/1/2023 16:00:00,4530.6,4541.25,4501.35,4515.77,0
9/5/2023 16:00:00,4510.06,4514.29,4496.01,4496.83,0
9/6/2023 16:00:00,4490.35,4490.35,4442.38,4465.48,0
9/7/2023 16:00:00,4434.55,4457.81,4430.46,4451.14,0
9/8/2023 16:00:00,4451.3,4473.53,4448.38,4457.49,0
9/11/2023 16:00:00,4480.98,4490.77,4467.89,4487.46,0
9/12/2023 16:00:00,4473.27,4487.11,4456.83,4461.9,0
9/13/2023 16:00:00,4462.65,4479.39,4453.52,4467.44,0
9/14/2023 16:00:00,4487.78,4511.99,4478.69,4505.1,0
9/15/2023 16:00:00,4497.98,4497.98,4447.21,4450.32,0
9/18/2023 16:00:00,4445.13,4466.36,4442.11,4453.53,0
9/19/2023 16:00:00,4445.41,4449.85,4416.61,4443.95,0
9/20/2023 16:00:00,4452.81,4461.03,4401.38,4402.2,0
9/21/2023 16:00:00,4374.36,4375.7,4329.17,4330,0
9/22/2023 16:00:00,4341.74,4357.4,4316.49,4320.06,0
9/25/2023 16:00:00,4310.62,4338.51,4302.7,4337.44,0
9/26/2023 16:00:00,4312.88,4313.01,4265.98,4273.53,0
9/27/2023 16:00:00,4282.63,4292.07,4238.63,4274.51,0
9/28/2023 16:00:00,4269.65,4317.27,4264.38,4299.7,0
9/29/2023 16:00:00,4328.18,4333.15,4274.86,4288.05,0
10/2/2023 16:00:00,4284.52,4300.58,4260.21,4288.39,0
10/3/2023 16:00:00,4269.75,4281.15,4216.45,4229.45,0
10/4/2023 16:00:00,4233.83,4268.5,4220.48,4263.75,0
10/5/2023 16:00:00,4259.31,4267.13,4225.91,4258.19,0
10/6/2023 16:00:00,4234.79,4324.1,4219.55,4308.5,0
10/9/2023 16:00:00,4289.02,4341.73,4283.79,4335.66,0
10/10/2023 16:00:00,4339.75,4385.46,4339.64,4358.24,0
10/11/2023 16:00:00,4366.59,4378.64,4345.34,4376.95,0
10/12/2023 16:00:00,4380.94,4385.85,4325.43,4349.61,0
10/13/2023 16:00:00,4360.49,4377.1,4311.97,4327.78,0
10/16/2023 16:00:00,4342.37,4383.33,4342.37,4373.63,0
10/17/2023 16:00:00,4345.23,4393.57,4337.54,4373.2,0
10/18/2023 16:00:00,4357.35,4364.2,4303.84,4314.6,0
10/19/2023 16:00:00,4321.36,4339.54,4269.69,4278,0
10/20/2023 16:00:00,4273.85,4276.56,4223.03,4224.16,0
10/23/2023 16:00:00,4210.4,4255.84,4189.22,4217.04,0
10/24/2023 16:00:00,4235.79,4259.38,4219.43,4247.68,0
10/25/2023 16:00:00,4232.42,4232.42,4181.42,4186.77,0
10/26/2023 16:00:00,4175.99,4183.6,4127.9,4137.23,0
10/27/2023 16:00:00,4152.93,4156.7,4103.78,4117.37,0
10/30/2023 16:00:00,4139.39,4177.47,4132.94,4166.82,0
10/31/2023 16:00:00,4171.33,4195.55,4153.12,4193.8,0
11/1/2023 16:00:00,4201.27,4245.64,4197.74,4237.86,0
11/2/2023 16:00:00,4268.26,4319.72,4268.26,4317.78,0
11/3/2023 16:00:00,4334.23,4373.62,4334.23,4358.34,0
11/6/2023 16:00:00,4364.27,4372.21,4347.53,4365.98,0
11/7/2023 16:00:00,4366.21,4386.26,4355.41,4378.38,0
11/8/2023 16:00:00,4384.37,4391.2,4359.76,4382.78,0
11/9/2023 16:00:00,4391.41,4393.4,4343.94,4347.35,0
11/10/2023 16:00:00,4364.15,4418.03,4353.34,4415.24,0
11/13/2023 16:00:00,4406.66,4421.76,4393.82,4411.55,0
11/14/2023 16:00:00,4458.97,4508.67,4458.97,4495.7,0
11/15/2023 16:00:00,4505.3,4521.17,4495.31,4502.88,0
11/16/2023 16:00:00,4497.08,4511.99,4487.83,4508.24,0
11/17/2023 16:00:00,4509.55,4520.12,4499.66,4514.02,0
11/20/2023 16:00:00,4511.7,4557.11,4510.36,4547.38,0
11/21/2023 16:00:00,4538.77,4542.14,4525.51,4538.19,0
11/22/2023 16:00:00,4553.04,4568.43,4545.05,4556.62,0
11/24/2023 13:00:00,4555.84,4560.31,4552.8,4559.34,0
11/27/2023 16:00:00,4554.86,4560.52,4546.32,4550.43,0
11/28/2023 16:00:00,4545.55,4568.14,4540.51,4554.89,0
11/29/2023 16:00:00,4571.84,4587.64,4547.15,4550.58,0
11/30/2023 16:00:00,4554.87,4569.89,4537.24,4567.8,0
12/1/2023 16:00:00,4559.43,4599.39,4554.71,4594.63,0
12/4/2023 16:00:00,4564.37,4572.37,4546.72,4569.78,0
12/5/2023 16:00:00,4557.25,4578.56,4551.68,4567.18,0
12/6/2023 16:00:00,4586.23,4590.74,4546.5,4549.34,0
12/7/2023 16:00:00,4568.84,4590.92,4565.22,4585.59,0
12/8/2023 16:00:00,4576.2,4609.23,4574.06,4604.37,0
12/11/2023 16:00:00,4593.39,4623.71,4593.39,4622.44,0
12/12/2023 16:00:00,4618.3,4643.93,4608.09,4643.7,0
12/13/2023 16:00:00,4646.2,4709.69,4643.23,4707.09,0
12/14/2023 16:00:00,4721.04,4738.57,4694.34,4719.55,0
12/15/2023 16:00:00,4714.23,4725.53,4704.69,4719.19,0
12/18/2023 16:00:00,4725.58,4749.52,4725.58,4740.56,0
12/19/2023 16:00:00,4743.72,4768.69,4743.72,4768.37,0
12/20/2023 16:00:00,4764.73,4778.01,4697.82,4698.35,0
12/21/2023 16:00:00,4724.29,4748.71,4708.35,4746.75,0
12/22/2023 16:00:00,4753.92,4772.94,4736.77,4754.63,0
12/26/2023 16:00:00,4758.86,4784.72,4758.45,4774.75,0
12/27/2023 16:00:00,4773.45,4785.39,4768.9,4781.58,0
12/28/2023 16:00:00,4786.44,4793.3,4780.98,4783.35,0
12/29/2023 16:00:00,4782.88,4788.43,4751.99,4769.83,0
1/2/2024 16:00:00,4745.2,4754.33,4722.67,4742.83,0
1/3/2024 16:00:00,4725.07,4729.29,4699.71,4704.81,0
1/4/2024 16:00:00,4697.42,4726.78,4687.53,4688.68,0
1/5/2024 16:00:00,4690.57,4721.49,4682.11,4697.24,0
1/8/2024 16:00:00,4703.7,4764.54,4699.82,4763.54,0
1/9/2024 16:00:00,4741.93,4765.47,4730.35,4756.5,0
1/10/2024 16:00:00,4759.94,4790.8,4756.2,4783.45,0
1/11/2024 16:00:00,4792.13,4798.5,4739.58,4780.24,0
1/12/2024 16:00:00,4791.18,4802.4,4768.98,4783.83,0
1/16/2024 16:00:00,4772.35,4782.34,4747.12,4765.98,0
1/17/2024 16:00:00,4739.13,4744.23,4714.82,4739.21,0
1/18/2024 16:00:00,4760.1,4785.79,4740.57,4780.94,0
1/19/2024 16:00:00,4796.28,4842.07,4785.87,4839.81,0
1/22/2024 16:00:00,4853.42,4868.41,4844.05,4850.43,0
1/23/2024 16:00:00,4856.8,4866.48,4844.37,4864.6,0
1/24/2024 16:00:00,4888.56,4903.68,4865.94,4868.55,0
1/25/2024 16:00:00,4886.66,4898.15,4869.34,4894.16,0
1/26/2024 16:00:00,4888.91,4906.69,4881.47,4890.97,0
1/29/2024 16:00:00,4892.95,4929.31,4887.4,4927.93,0
1/30/2024 16:00:00,4925.89,4931.09,4916.27,4924.97,0
1/31/2024 16:00:00,4899.19,4906.75,4845.15,4845.65,0
2/1/2024 16:00:00,4861.11,4906.97,4853.52,4906.19,0
2/2/2024 16:00:00,4916.06,4975.29,4907.99,4958.61,0
2/5/2024 16:00:00,4957.19,4957.19,4918.09,4942.81,0
2/6/2024 16:00:00,4950.16,4957.77,4934.88,4954.23,0
2/7/2024 16:00:00,4973.05,4999.89,4969.05,4995.06,0
2/8/2024 16:00:00,4995.16,5000.4,4987.09,4997.91,0
2/9/2024 16:00:00,5004.17,5030.06,5000.34,5026.61,0
2/12/2024 16:00:00,5026.83,5048.39,5016.83,5021.84,0
2/13/2024 16:00:00,4967.94,4971.3,4920.31,4953.17,0
2/14/2024 16:00:00,4976.44,5002.52,4956.45,5000.62,0
2/15/2024 16:00:00,5003.14,5032.72,4999.44,5029.73,0
2/16/2024 16:00:00,5031.13,5038.7,4999.52,5005.57,0
2/20/2024 16:00:00,4989.32,4993.71,4955.02,4975.51,0
2/21/2024 16:00:00,4963.03,4983.21,4946,4981.8,0
2/22/2024 16:00:00,5038.83,5094.39,5038.83,5087.03,0
2/23/2024 16:00:00,5100.92,5111.06,5081.46,5088.8,0
2/26/2024 16:00:00,5093,5097.66,5068.91,5069.53,0
2/27/2024 16:00:00,5074.6,5080.69,5057.29,5078.18,0
2/28/2024 16:00:00,5067.2,5077.37,5058.35,5069.76,0
2/29/2024 16:00:00,5085.36,5104.99,5061.89,5096.27,0
3/1/2024 16:00:00,5098.51,5140.33,5094.16,5137.08,0
3/4/2024 16:00:00,5130.99,5149.67,5127.18,5130.95,0
3/5/2024 16:00:00,5110.52,5114.54,5056.82,5078.65,0
3/6/2024 16:00:00,5108.03,5127.97,5092.22,5104.76,0
3/7/2024 16:00:00,5132.38,5165.62,5128.21,5157.36,0
3/8/2024 16:00:00,5164.46,5189.26,5117.5,5123.69,0
3/11/2024 16:00:00,5111.96,5124.66,5091.14,5117.94,0
3/12/2024 16:00:00,5134.3,5179.87,5114.48,5175.27,0
3/13/2024 16:00:00,5173.49,5179.14,5151.88,5165.31,0
3/14/2024 16:00:00,5175.14,5176.85,5123.3,5150.48,0
3/15/2024 16:00:00,5123.31,5136.86,5104.35,5117.09,0
3/18/2024 16:00:00,5154.77,5175.6,5145.47,5149.42,0
3/19/2024 16:00:00,5139.09,5180.31,5131.59,5178.51,0
3/20/2024 16:00:00,5181.69,5226.19,5171.55,5224.62,0
3/21/2024 16:00:00,5253.43,5261.1,5240.66,5241.53,0
3/22/2024 16:00:00,5242.48,5246.09,5229.87,5234.18,0
3/25/2024 16:00:00,5219.52,5229.09,5216.09,5218.19,0
3/26/2024 16:00:00,5228.85,5235.16,5203.42,5203.58,0
3/27/2024 16:00:00,5226.31,5249.26,5213.92,5248.49,0
3/28/2024 16:00:00,5248.03,5264.85,5245.82,5254.35,0
4/1/2024 16:00:00,5257.97,5263.95,5229.2,5243.77,0
4/2/2024 16:00:00,5204.29,5208.34,5184.05,5205.81,0
4/3/2024 16:00:00,5194.37,5228.75,5194.37,5211.49,0
4/4/2024 16:00:00,5244.05,5256.59,5146.06,5147.21,0
4/5/2024 16:00:00,5158.95,5222.18,5157.21,5204.34,0
4/8/2024 16:00:00,5211.37,5219.57,5197.35,5202.39,0
4/9/2024 16:00:00,5217.03,5224.81,5160.78,5209.91,0
4/10/2024 16:00:00,5167.88,5178.43,5138.7,5160.64,0
4/11/2024 16:00:00,5172.95,5211.78,5138.77,5199.06,0
4/12/2024 16:00:00,5171.51,5175.03,5107.94,5123.41,0
4/15/2024 16:00:00,5149.67,5168.43,5052.47,5061.82,0
4/16/2024 16:00:00,5064.59,5079.84,5039.83,5051.41,0
4/17/2024 16:00:00,5068.97,5077.96,5007.25,5022.21,0
4/18/2024 16:00:00,5031.52,5056.66,5001.89,5011.12,0
4/19/2024 16:00:00,5005.44,5019.02,4953.56,4967.23,0
4/22/2024 16:00:00,4987.33,5038.84,4969.4,5010.6,0
4/23/2024 16:00:00,5028.85,5076.12,5027.96,5070.55,0
4/24/2024 16:00:00,5084.86,5089.48,5047.02,5071.63,0
4/25/2024 16:00:00,5019.88,5057.75,4990.58,5048.42,0
4/26/2024 16:00:00,5084.65,5114.62,5073.14,5099.96,0
4/29/2024 16:00:00,5114.13,5123.49,5088.65,5116.17,0
4/30/2024 16:00:00,5103.78,5110.83,5035.31,5035.69,0
5/1/2024 16:00:00,5029.03,5096.12,5013.45,5018.39,0
5/2/2024 16:00:00,5049.32,5073.21,5011.05,5064.2,0
5/3/2024 16:00:00,5122.78,5139.12,5101.22,5127.79,0
5/6/2024 16:00:00,5142.42,5181,5142.42,5180.74,0
5/7/2024 16:00:00,5187.2,5200.23,5178.96,5187.7,0
5/8/2024 16:00:00,5168.98,5191.95,5165.86,5187.67,0
5/9/2024 16:00:00,5189.03,5215.3,5180.41,5214.08,0
5/10/2024 16:00:00,5225.49,5239.66,5209.68,5222.68,0
5/13/2024 16:00:00,5233.08,5237.26,5211.16,5221.42,0
5/14/2024 16:00:00,5221.1,5250.37,5217.98,5246.68,0
5/15/2024 16:00:00,5263.26,5311.76,5263.26,5308.15,0
5/16/2024 16:00:00,5310.07,5325.49,5296.19,5297.1,0
5/17/2024 16:00:00,5303.1,5305.45,5283.59,5303.27,0
5/20/2024 16:00:00,5305.35,5325.32,5302.4,5308.13,0
5/21/2024 16:00:00,5298.69,5324.32,5297.87,5321.41,0
5/22/2024 16:00:00,5319.28,5323.18,5286.01,5307.01,0
5/23/2024 16:00:00,5340.26,5341.88,5256.93,5267.84,0
5/24/2024 16:00:00,5281.45,5311.65,5278.39,5304.72,0
5/28/2024 16:00:00,5315.91,5315.91,5280.89,5306.04,0
5/29/2024 16:00:00,5278.73,5282.27,5262.7,5266.95,0
5/30/2024 16:00:00,5259.77,5260.21,5222.1,5235.48,0
5/31/2024 16:00:00,5243.21,5280.33,5191.68,5277.51,0
6/3/2024 16:00:00,5297.15,5302.11,5234.32,5283.4,0
6/4/2024 16:00:00,5278.24,5298.8,5257.63,5291.34,0
6/5/2024 16:00:00,5314.48,5354.16,5297.64,5354.03,0
6/6/2024 16:00:00,5357.8,5362.35,5335.36,5352.96,0
6/7/2024 16:00:00,5343.81,5375.08,5331.33,5346.99,0
6/10/2024 16:00:00,5341.22,5365.79,5331.52,5360.79,0
6/11/2024 16:00:00,5353,5375.95,5327.25,5375.32,0
6/12/2024 16:00:00,5409.13,5447.25,5409.13,5421.03,0
6/13/2024 16:00:00,5441.93,5441.93,5402.51,5433.74,0
6/14/2024 16:00:00,5424.08,5432.39,5403.75,5431.6,0
6/17/2024 16:00:00,5431.11,5488.5,5420.4,5473.23,0
6/18/2024 16:00:00,5476.15,5490.38,5471.32,5487.03,0
6/20/2024 16:00:00,5499.99,5505.53,5455.56,5473.17,0
6/21/2024 16:00:00,5466.77,5478.31,5452.03,5464.62,0
6/24/2024 16:00:00,5459.58,5490.66,5447.59,5447.87,0
6/25/2024 16:00:00,5460.73,5472.88,5446.56,5469.3,0
6/26/2024 16:00:00,5460.71,5483.14,5451.87,5477.9,0
6/27/2024 16:00:00,5473.59,5490.81,5467.54,5482.87,0
6/28/2024 16:00:00,5488.48,5523.64,5451.12,5460.48,0
7/1/2024 16:00:00,5471.08,5479.55,5446.53,5475.09,0
7/2/2024 16:00:00,5461.84,5509.69,5458.43,5509.01,0
7/3/2024 13:00:00,5507.44,5539.27,5507.42,5537.02,0
7/5/2024 16:00:00,5537.91,5570.33,5531.63,5567.19,0
7/8/2024 16:00:00,5572.75,5583.11,5562.51,5572.85,0
7/9/2024 16:00:00,5584.24,5590.75,5574.57,5576.98,0
7/10/2024 16:00:00,5591.26,5635.39,5586.44,5633.91,0
7/11/2024 16:00:00,5635.21,5642.45,5576.53,5584.54,0
7/12/2024 16:00:00,5590.76,5655.56,5590.44,5615.35,0
7/15/2024 16:00:00,5638.16,5666.94,5614.75,5631.22,0
7/16/2024 16:00:00,5644.09,5669.67,5639.02,5667.2,0
7/17/2024 16:00:00,5610.07,5622.49,5584.81,5588.27,0
7/18/2024 16:00:00,5608.56,5614.05,5522.81,5544.59,0
7/19/2024 16:00:00,5543.37,5557.5,5497.04,5505,0
7/22/2024 16:00:00,5544.54,5570.36,5529.04,5564.41,0
7/23/2024 16:00:00,5565.3,5585.34,5550.9,5555.74,0
7/24/2024 16:00:00,5505.84,5508.04,5419.98,5427.13,0
7/25/2024 16:00:00,5428.7,5491.59,5390.95,5399.22,0
7/26/2024 16:00:00,5433.67,5488.32,5430.7,5459.1,0
7/29/2024 16:00:00,5476.55,5487.74,5444.44,5463.54,0
7/30/2024 16:00:00,5478.73,5489.46,5401.7,5436.44,0
7/31/2024 16:00:00,5505.59,5551.51,5493.75,5522.3,0
8/1/2024 16:00:00,5537.84,5566.16,5410.42,5446.68,0
8/2/2024 16:00:00,5376.63,5383.89,5302.03,5346.56,0
8/5/2024 16:00:00,5151.14,5250.89,5119.26,5186.33,0
8/6/2024 16:00:00,5206.42,5312.34,5193.56,5240.03,0
8/7/2024 16:00:00,5293.13,5330.64,5195.54,5199.5,0
8/8/2024 16:00:00,5252.57,5328.03,5233.85,5319.31,0
8/9/2024 16:00:00,5314.66,5358.67,5300.84,5344.16,0
8/12/2024 16:00:00,5351.88,5371.2,5324.37,5344.39,0
8/13/2024 16:00:00,5376.98,5436.5,5376.98,5434.43,0
8/14/2024 16:00:00,5442.36,5463.22,5415.91,5455.21,0
8/15/2024 16:00:00,5501.13,5546.23,5501.13,5543.22,0
8/16/2024 16:00:00,5530.5,5561.98,5525.17,5554.25,0
8/19/2024 16:00:00,5557.23,5608.3,5550.74,5608.25,0
8/20/2024 16:00:00,5602.88,5620.51,5585.5,5597.12,0
8/21/2024 16:00:00,5603.09,5632.68,5591.57,5620.85,0
8/22/2024 16:00:00,5637.77,5643.22,5560.95,5570.64,0
8/23/2024 16:00:00,5602.49,5641.82,5585.16,5634.61,0
8/26/2024 16:00:00,5639.66,5651.62,5602.34,5616.84,0
8/27/2024 16:00:00,5602.89,5631.18,5593.48,5625.8,0
8/28/2024 16:00:00,5624.51,5627.03,5560.95,5592.18,0
8/29/2024 16:00:00,5607.3,5646.95,5583.71,5591.96,0
8/30/2024 16:00:00,5612.74,5651.37,5581.79,5648.4,0
9/3/2024 16:00:00,5623.89,5623.89,5504.33,5528.93,0
9/4/2024 16:00:00,5506.68,5552.99,5503.66,5520.07,0
9/5/2024 16:00:00,5520.08,5546.3,5480.54,5503.41,0
9/6/2024 16:00:00,5507.33,5522.47,5402.62,5408.42,0
9/9/2024 16:00:00,5442.07,5484.2,5434.49,5471.05,0
9/10/2024 16:00:00,5490.51,5497.91,5441.72,5495.52,0
9/11/2024 16:00:00,5496.42,5560.41,5406.96,5554.13,0
9/12/2024 16:00:00,5557.48,5600.71,5535.5,5595.76,0
9/13/2024 16:00:00,5603.34,5636.27,5601.65,5626.02,0
9/16/2024 16:00:00,5615.21,5636.05,5604.53,5633.09,0
9/17/2024 16:00:00,5655.51,5670.81,5614.05,5634.58,0
9/18/2024 16:00:00,5641.68,5689.75,5615.08,5618.26,0
9/19/2024 16:00:00,5702.63,5733.57,5686.42,5713.64,0
9/20/2024 16:00:00,5709.64,5715.14,5674.49,5702.55,0
9/23/2024 16:00:00,5711.9,5725.36,5704.22,5718.57,0
9/24/2024 16:00:00,5727.66,5735.32,5698.99,5732.93,0
9/25/2024 16:00:00,5733.65,5741.03,5712.06,5722.26,0
9/26/2024 16:00:00,5762.22,5767.37,5721.01,5745.37,0
9/27/2024 16:00:00,5755.36,5763.78,5727.34,5738.17,0
9/30/2024 16:00:00,5726.52,5765.14,5703.53,5762.48,0
10/1/2024 16:00:00,5757.73,5757.73,5681.28,5708.75,0
10/2/2024 16:00:00,5698.14,5719.63,5674,5709.54,0
10/3/2024 16:00:00,5698.19,5718.78,5677.37,5699.94,0
10/4/2024 16:00:00,5737.48,5753.21,5702.83,5751.07,0
10/7/2024 16:00:00,5737.8,5739.34,5686.85,5695.94,0
10/8/2024 16:00:00,5719.14,5757.6,5714.56,5751.13,0
10/9/2024 16:00:00,5751.8,5796.8,5745.02,5792.04,0
10/10/2024 16:00:00,5778.36,5795.03,5764.76,5780.05,0
10/14/2024 16:00:00,5829.81,5871.41,5829.57,5859.85,0
10/15/2024 16:00:00,5866.74,5870.36,5804.48,5815.26,0
10/16/2024 16:00:00,5816.58,5846.52,5808.34,5842.47,0
10/17/2024 16:00:00,5875.62,5878.46,5840.25,5841.47,0
10/18/2024 16:00:00,5859.43,5872.17,5846.11,5864.67,0
10/21/2024 16:00:00,5857.82,5866.92,5824.79,5853.98,0
10/22/2024 16:00:00,5832.7,5863.04,5821.17,5851.2,0
10/23/2024 16:00:00,5834.5,5834.85,5762.41,5797.42,0
10/24/2024 16:00:00,5817.8,5817.8,5784.92,5809.86,0
10/25/2024 16:00:00,5826.75,5862.82,5799.98,5808.12,0
10/28/2024 16:00:00,5833.93,5842.92,5823.08,5823.52,0
10/29/2024 16:00:00,5819.68,5847.19,5802.17,5832.92,0
10/30/2024 16:00:00,5832.65,5850.94,5811.28,5813.67,0
10/31/2024 16:00:00,5775.34,5775.34,5702.86,5705.45,0
11/1/2024 16:00:00,5723.22,5772.52,5723.22,5728.8,0
11/4/2024 16:00:00,5725.15,5741.43,5696.51,5712.69,0
11/5/2024 16:00:00,5722.43,5783.44,5722.1,5782.76,0
11/6/2024 16:00:00,5864.89,5936.14,5864.89,5929.04,0
11/7/2024 16:00:00,5947.21,5983.84,5947.21,5973.1,0
11/8/2024 16:00:00,5976.76,6012.45,5976.76,5995.54,0
11/11/2024 16:00:00,6008.86,6017.31,5986.69,6001.35,0
11/12/2024 16:00:00,6003.6,6009.92,5960.08,5983.99,0
11/13/2024 16:00:00,5985.75,6008.19,5965.91,5985.38,0
11/14/2024 16:00:00,5989.68,5993.88,5942.28,5949.17,0
11/15/2024 16:00:00,5912.79,5915.32,5853.01,5870.62,0
11/18/2024 16:00:00,5874.17,5908.12,5865.95,5893.62,0
11/19/2024 16:00:00,5870.05,5923.51,5855.29,5916.98,0
11/20/2024 16:00:00,5914.34,5920.67,5860.56,5917.11,0
11/21/2024 16:00:00,5940.58,5963.32,5887.26,5948.71,0
11/22/2024 16:00:00,5944.36,5972.9,5944.36,5969.34,0
11/25/2024 16:00:00,5992.28,6020.75,5963.91,5987.37,0
11/26/2024 16:00:00,6000.03,6025.42,5992.27,6021.63,0
11/27/2024 16:00:00,6014.11,6020.16,5984.87,5998.74,0
11/29/2024 13:00:00,6003.98,6044.17,6003.98,6032.38,0
12/2/2024 16:00:00,6040.11,6053.58,6035.33,6047.15,0
12/3/2024 16:00:00,6042.97,6052.07,6033.39,6049.88,0
12/4/2024 16:00:00,6069.39,6089.84,6061.06,6086.49,0
12/5/2024 16:00:00,6089.03,6094.55,6072.9,6075.11,0
12/6/2024 16:00:00,6081.38,6099.97,6079.98,6090.27,0
12/9/2024 16:00:00,6083.01,6088.51,6048.63,6052.85,0
12/10/2024 16:00:00,6057.59,6065.4,6029.89,6034.91,0
12/11/2024 16:00:00,6060.15,6092.59,6060.15,6084.19,0
12/12/2024 16:00:00,6074.29,6079.68,6051.25,6051.25,0
12/13/2024 16:00:00,6068.17,6078.58,6035.77,6051.09,0
12/16/2024 16:00:00,6063.79,6085.19,6059.14,6074.08,0
12/17/2024 16:00:00,6052.55,6057.68,6035.19,6050.61,0
12/18/2024 16:00:00,6047.65,6070.67,5867.79,5872.16,0
12/19/2024 16:00:00,5912.71,5935.52,5866.07,5867.08,0
12/20/2024 16:00:00,5842,5982.06,5832.3,5930.85,0
12/23/2024 16:00:00,5940.25,5978.25,5902.57,5974.07,0
12/24/2024 13:00:00,5984.63,6040.1,5981.44,6040.04,0
12/26/2024 16:00:00,6024.97,6049.75,6007.37,6037.59,0
12/27/2024 16:00:00,6006.17,6006.17,5932.95,5970.84,0
12/30/2024 16:00:00,5920.67,5940.79,5869.16,5906.94,0
12/31/2024 16:00:00,5919.74,5929.74,5868.86,5881.63,0
1/2/2025 16:00:00,5903.26,5935.09,5829.53,5868.55,0
1/3/2025 16:00:00,5891.07,5949.34,5888.66,5942.47,0
1/6/2025 16:00:00,5982.81,6021.04,5960.01,5975.38,0
1/7/2025 16:00:00,5993.26,6000.68,5890.68,5909.03,0
1/8/2025 16:00:00,5910.66,5927.89,5874.78,5918.25,0
1/10/2025 16:00:00,5890.35,5890.35,5807.78,5827.04,0
1/13/2025 16:00:00,5782.02,5838.61,5773.31,5836.22,0
1/14/2025 16:00:00,5859.27,5871.92,5805.42,5842.91,0
1/15/2025 16:00:00,5905.21,5960.61,5905.21,5949.91,0
1/16/2025 16:00:00,5963.61,5964.69,5930.72,5937.34,0
1/17/2025 16:00:00,5995.4,6014.96,5978.44,5996.66,0
1/21/2025 16:00:00,6014.12,6051.51,6006.88,6049.24,0
1/22/2025 16:00:00,6081.39,6100.81,6076.13,6086.37,0
1/23/2025 16:00:00,6076.32,6118.73,6074.67,6118.71,0
1/24/2025 16:00:00,6121.43,6128.18,6088.74,6101.24,0
1/27/2025 16:00:00,5969.04,6017.17,5962.92,6012.28,0
1/28/2025 16:00:00,6026.97,6074.54,5994.63,6067.7,0
1/29/2025 16:00:00,6057.7,6062.83,6012.96,6039.31,0
1/30/2025 16:00:00,6050.75,6086.64,6027.46,6071.17,0
1/31/2025 16:00:00,6096.79,6120.91,6030.93,6040.53,0
2/3/2025 16:00:00,5969.65,6022.13,5923.93,5994.57,0
2/4/2025 16:00:00,5998.14,6042.48,5990.87,6037.88,0
2/5/2025 16:00:00,6020.45,6062.86,6007.06,6061.48,0
2/6/2025 16:00:00,6072.22,6084.03,6046.83,6083.57,0
2/7/2025 16:00:00,6083.13,6101.28,6019.96,6025.99,0
2/10/2025 16:00:00,6046.4,6073.38,6044.84,6066.44,0
2/11/2025 16:00:00,6049.32,6076.28,6042.34,6068.5,0
2/12/2025 16:00:00,6025.08,6063,6003,6051.97,0
2/13/2025 16:00:00,6060.59,6116.91,6050.95,6115.07,0
2/14/2025 16:00:00,6115.52,6127.47,6107.62,6114.63,0
2/18/2025 16:00:00,6121.6,6129.63,6099.51,6129.58,0
2/19/2025 16:00:00,6117.76,6147.43,6111.15,6144.15,0
2/20/2025 16:00:00,6134.5,6134.5,6084.59,6117.52,0
2/21/2025 16:00:00,6114.1,6114.82,6008.56,6013.13,0
2/24/2025 16:00:00,6026.69,6043.65,5977.83,5983.25,0
2/25/2025 16:00:00,5982.73,5992.65,5908.49,5955.25,0
2/26/2025 16:00:00,5970.87,6009.82,5932.69,5956.06,0
2/27/2025 16:00:00,5981.88,5993.69,5858.78,5861.57,0
2/28/2025 16:00:00,5856.74,5959.4,5837.66,5954.5,0
3/3/2025 16:00:00,5968.33,5986.09,5810.91,5849.72,0
3/4/2025 16:00:00,5811.98,5865.08,5732.59,5778.15,0
3/5/2025 16:00:00,5781.36,5860.59,5742.35,5842.63,0
3/6/2025 16:00:00,5785.87,5812.08,5711.64,5738.52,0
3/7/2025 16:00:00,5726.01,5783.01,5666.29,5770.2,0
3/10/2025 16:00:00,5705.37,5705.37,5564.02,5614.56,0
3/11/2025 16:00:00,5603.65,5636.3,5528.41,5572.07,0
3/12/2025 16:00:00,5624.84,5642.19,5546.09,5599.3,0
3/13/2025 16:00:00,5594.45,5597.78,5504.65,5521.52,0
3/14/2025 16:00:00,5563.85,5645.27,5563.85,5638.94,0
3/17/2025 16:00:00,5635.6,5703.52,5631.12,5675.12,0
3/18/2025 16:00:00,5654.53,5654.53,5597.76,5614.66,0
3/19/2025 16:00:00,5632.37,5715.33,5622.2,5675.29,0
3/20/2025 16:00:00,5646.92,5711.15,5632.33,5662.89,0
3/21/2025 16:00:00,5630.73,5670.84,5603.1,5667.56,0
3/24/2025 16:00:00,5718.08,5775.14,5718.08,5767.57,0
3/25/2025 16:00:00,5775.96,5786.95,5760.42,5776.65,0
3/26/2025 16:00:00,5771.66,5783.62,5694.41,5712.2,0
3/27/2025 16:00:00,5695.64,5732.28,5670.94,5693.31,0
3/28/2025 16:00:00,5679.2,5685.89,5572.42,5580.94,0
3/31/2025 16:00:00,5527.91,5627.56,5488.73,5611.85,0
4/1/2025 16:00:00,5597.53,5650.57,5558.52,5633.07,0
4/2/2025 16:00:00,5580.76,5695.31,5571.48,5670.97,0
4/3/2025 16:00:00,5492.74,5499.53,5390.83,5396.52,0
4/4/2025 16:00:00,5292.14,5292.14,5069.9,5074.08,0
4/7/2025 16:00:00,4953.79,5246.57,4835.04,5062.25,0
4/8/2025 16:00:00,5193.57,5267.47,4910.42,4982.77,0
4/9/2025 16:00:00,4965.28,5481.34,4948.43,5456.9,0
4/10/2025 16:00:00,5353.15,5353.15,5115.27,5268.05,0
4/11/2025 16:00:00,5255.56,5381.46,5220.77,5363.36,0
4/14/2025 16:00:00,5441.96,5459.46,5358.02,5405.97,0
4/15/2025 16:00:00,5411.99,5450.41,5386.44,5396.63,0
4/16/2025 16:00:00,5335.75,5367.24,5220.79,5275.7,0
4/17/2025 16:00:00,5305.45,5328.31,5255.58,5282.7,0
4/21/2025 16:00:00,5232.94,5232.94,5101.63,5158.2,0
4/22/2025 16:00:00,5207.67,5309.61,5207.67,5287.76,0
4/23/2025 16:00:00,5395.92,5469.69,5356.17,5375.86,0
4/24/2025 16:00:00,5381.38,5489.4,5371.96,5484.77,0
4/25/2025 16:00:00,5489.73,5528.11,5455.86,5525.21,0
4/28/2025 16:00:00,5529.22,5553.66,5468.64,5528.75,0
4/29/2025 16:00:00,5508.87,5571.95,5505.7,5560.83,0
4/30/2025 16:00:00,5499.44,5581.84,5433.24,5569.06,0
5/1/2025 16:00:00,5625.14,5658.91,5597.35,5604.14,0
5/2/2025 16:00:00,5645.88,5700.7,5642.28,5686.67,0
5/5/2025 16:00:00,5655.32,5683.38,5634.48,5650.38,0
5/6/2025 16:00:00,5605.87,5649.58,5586.04,5606.91,0
5/7/2025 16:00:00,5614.18,5654.73,5578.64,5631.28,0
5/8/2025 16:00:00,5663.6,5720.1,5635.38,5663.94,0
5/9/2025 16:00:00,5679.65,5691.69,5644.15,5659.91,0
5/12/2025 16:00:00,5807.2,5845.37,5786.08,5844.19,0
5/13/2025 16:00:00,5854.15,5906.64,5845.02,5886.55,0
5/14/2025 16:00:00,5896.74,5906.55,5872.11,5892.58,0
5/15/2025 16:00:00,5869.82,5924.21,5865.16,5916.93,0
5/16/2025 16:00:00,5929.09,5958.62,5907.36,5958.38,0
5/19/2025 16:00:00,5902.88,5968.61,5895.69,5963.6,0
5/20/2025 16:00:00,5944.66,5953.06,5909.26,5940.46,0
5/21/2025 16:00:00,5910.18,5938.37,5830.91,5844.61,0
5/22/2025 16:00:00,5841.26,5878.08,5825.82,5842.01,0
5/23/2025 16:00:00,5781.89,5829.51,5767.41,5802.82,0
5/27/2025 16:00:00,5854.07,5924.33,5854.07,5921.54,0
5/28/2025 16:00:00,5925.54,5939.92,5881.88,5888.55,0
5/29/2025 16:00:00,5939.96,5943.13,5873.8,5912.17,0
5/30/2025 16:00:00,5903.67,5922.14,5843.66,5911.69,0
6/2/2025 16:00:00,5896.68,5937.4,5861.43,5935.94,0
6/3/2025 16:00:00,5938.56,5981.35,5929,5970.37,0
6/4/2025 16:00:00,5978.94,5990.48,5966.11,5970.81,0
6/5/2025 16:00:00,5985.67,5999.7,5921.2,5939.3,0
6/6/2025 16:00:00,5987.06,6016.87,5978.63,6000.36,0
6/9/2025 16:00:00,6004.63,6021.31,5994.18,6005.88,0
6/10/2025 16:00:00,6009.91,6043.01,6000.28,6038.81,0
6/11/2025 16:00:00,6049.38,6059.4,6002.32,6022.24,0
6/12/2025 16:00:00,6009.9,6045.43,6003.88,6045.26,0
6/13/2025 16:00:00,6000.56,6026.16,5963.21,5976.97,0
6/16/2025 16:00:00,6004,6050.83,6004,6033.11,0
6/17/2025 16:00:00,6012.15,6023.25,5974.8,5982.72,0
6/18/2025 16:00:00,5987.93,6018.25,5971.89,5980.87,0
6/20/2025 16:00:00,5999.67,6018.2,5952.56,5967.84,0
6/23/2025 16:00:00,5969.67,6028.77,5943.23,6025.17,0
6/24/2025 16:00:00,6061.21,6101.76,6059.25,6092.18,0
6/25/2025 16:00:00,6104.23,6108.51,6080.09,6092.16,0
6/26/2025 16:00:00,6112.09,6146.52,6107.27,6141.02,0
6/27/2025 16:00:00,6150.7,6187.68,6132.35,6173.07,0
6/30/2025 16:00:00,6193.36,6215.08,6174.97,6204.95,0
7/1/2025 16:00:00,6187.25,6210.78,6177.97,6198.01,0
7/2/2025 16:00:00,6193.88,6227.6,6188.29,6227.42,0
7/3/2025 13:00:00,6246.46,6284.65,6246.46,6279.35,0
7/7/2025 16:00:00,6259.04,6262.07,6201,6229.98,0
7/8/2025 16:00:00,6234.03,6242.7,6217.75,6225.52,0
7/9/2025 16:00:00,6243.33,6269.16,6231.43,6263.26,0
7/10/2025 16:00:00,6266.8,6290.22,6251.44,6280.46,0
7/11/2025 16:00:00,6255.68,6269.44,6237.6,6259.75,0
7/14/2025 16:00:00,6255.15,6273.31,6239.22,6268.56,0
7/15/2025 16:00:00,6295.29,6302.04,6241.68,6243.76,0
7/16/2025 16:00:00,6254.5,6268.12,6201.59,6263.7,0
7/17/2025 16:00:00,6263.4,6304.69,6262.27,6297.36,0
7/18/2025 16:00:00,6312.95,6315.61,6285.27,6296.79,0
7/21/2025 16:00:00,6304.74,6336.08,6303.79,6305.6,0
7/22/2025 16:00:00,6306.6,6316.12,6281.71,6309.62,0
7/23/2025 16:00:00,6326.9,6360.64,6317.49,6358.91,0
7/24/2025 16:00:00,6368.6,6381.31,6360.57,6363.35,0
7/25/2025 16:00:00,6370.01,6395.82,6368.53,6388.64,0
7/28/2025 16:00:00,6397.69,6401.07,6375.79,6389.77,0
7/29/2025 16:00:00,6405.62,6409.26,6363.92,6370.86,0
7/30/2025 16:00:00,6381.23,6396.54,6336.38,6362.9,0
7/31/2025 16:00:00,6427.02,6427.02,6327.64,6339.39,0
8/1/2025 16:00:00,6287.28,6287.28,6212.69,6238.01,0
8/4/2025 16:00:00,6271.71,6330.69,6271.71,6329.94,0
8/5/2025 16:00:00,6336.63,6346,6289.37,6299.19,0
8/6/2025 16:00:00,6309.3,6352.83,6301.11,6345.06,0
8/7/2025 16:00:00,6374.32,6389.71,6310.32,6340,0
8/8/2025 16:00:00,6355.22,6395.16,6355.22,6389.45,0
8/11/2025 16:00:00,6389.67,6407.25,6364.06,6373.45,0
8/12/2025 16:00:00,6395.17,6446.55,6385.76,6445.76,0
8/13/2025 16:00:00,6462.67,6480.28,6445.02,6466.58,0
8/14/2025 16:00:00,6453.46,6473.92,6441.07,6468.54,0
8/15/2025 16:00:00,6477.38,6481.34,6441.85,6449.8,0
8/18/2025 16:00:00,6445.02,6455.35,6437.7,6449.15,0
8/19/2025 16:00:00,6446.24,6456.48,6400.22,6411.37,0
8/20/2025 16:00:00,6406.62,6408.4,6343.86,6395.78,0
8/21/2025 16:00:00,6380.83,6393.65,6352.71,6370.17,0
8/22/2025 16:00:00,6384.59,6478.89,6384.59,6466.91,0
8/25/2025 16:00:00,6457.67,6466.89,6438.06,6439.32,0
8/26/2025 16:00:00,6435.49,6468.37,6429.21,6465.94,0
8/27/2025 16:00:00,6462.26,6487.06,6457.84,6481.4,0
8/28/2025 16:00:00,6483.84,6508.23,6466.96,6501.86,0
8/29/2025 16:00:00,6489.28,6491.76,6444.57,6460.26,0
9/2/2025 16:00:00,6401.51,6416.54,6360.58,6415.54,0
9/3/2025 16:00:00,6445.82,6453.67,6416.17,6448.26,0
9/4/2025 16:00:00,6456.6,6502.54,6445.98,6502.08,0
9/5/2025 16:00:00,6529.08,6532.65,6443.98,6481.5,0
9/8/2025 16:00:00,6498.09,6508.67,6483.29,6495.15,0
9/9/2025 16:00:00,6503.33,6518.23,6483.08,6512.61,0
9/10/2025 16:00:00,6550.29,6555.97,6516.34,6532.04,0
9/11/2025 16:00:00,6554.41,6592.89,6545.8,6587.47,0
9/12/2025 16:00:00,6590.66,6600.21,6579.49,6584.29,0
9/15/2025 16:00:00,6603.49,6619.62,6602.07,6615.28,0
9/16/2025 16:00:00,6624.13,6626.99,6600.11,6606.76,0
9/17/2025 16:00:00,6604.87,6624.39,6551.15,6600.35,0
9/18/2025 16:00:00,6626.85,6656.8,6611.89,6631.96,0
9/19/2025 16:00:00,6647.11,6671.82,6630.31,6664.36,0
9/22/2025 16:00:00,6654.28,6698.88,6648.07,6693.75,0
9/23/2025 16:00:00,6692.44,6699.52,6645.58,6656.92,0
9/24/2025 16:00:00,6669.79,6672.66,6621.76,6637.97,0
9/25/2025 16:00:00,6608.19,6619,6569.22,6604.72,0
9/26/2025 16:00:00,6615.38,6648.97,6604.43,6643.7,0
9/29/2025 16:00:00,6661.58,6677.31,6644.49,6661.21,0
9/30/2025 16:00:00,6656.19,6691.25,6641,6688.46,0
10/1/2025 16:00:00,6664.92,6718.48,6656.2,6711.2,0
10/2/2025 16:00:00,6731.31,6731.94,6693.23,6715.35,0
10/3/2025 16:00:00,6722.14,6750.87,6705.67,6715.79,0
10/6/2025 16:00:00,6733.86,6749.52,6717.78,6740.28,0
10/7/2025 16:00:00,6746.14,6754.49,6699.96,6714.59,0
10/8/2025 16:00:00,6723.87,6755.64,6718.09,6753.72,0
10/9/2025 16:00:00,6760.5,6764.58,6716.17,6735.11,0
10/10/2025 16:00:00,6740.49,6762.4,6550.78,6552.51,0
10/13/2025 16:00:00,6622.53,6668.68,6620.71,6654.72,0
10/14/2025 16:00:00,6602.49,6680.7,6555.07,6644.31,0
10/15/2025 16:00:00,6688.27,6724.12,6612.11,6671.06,0
10/16/2025 16:00:00,6689.02,6709.34,6593.99,6629.07,0
10/17/2025 16:00:00,6613.27,6678.88,6603.76,6664.01,0
10/20/2025 16:00:00,6690.05,6744.35,6690.05,6735.13,0
10/21/2025 16:00:00,6736.75,6752.16,6722.03,6735.35,0
10/22/2025 16:00:00,6741.34,6741.75,6655.69,6699.4,0
10/23/2025 16:00:00,6703.65,6749.53,6700.14,6738.44,0
10/24/2025 16:00:00,6772.07,6807.11,6772.07,6791.69,0
10/27/2025 16:00:00,6845.46,6877.28,6843.94,6875.16,0
10/28/2025 16:00:00,6897.74,6911.3,6870.73,6890.89,0
10/29/2025 16:00:00,6910.95,6920.34,6851.91,6890.59,0
10/30/2025 16:00:00,6860.5,6880.75,6820.69,6822.34,0
10/31/2025 16:00:00,6879.17,6879.17,6814.26,6840.2,0
11/3/2025 16:00:00,6882.32,6882.32,6820.62,6851.97,0
11/4/2025 16:00:00,6788.52,6820.21,6766.71,6771.55,0
11/5/2025 16:00:00,6769.77,6829.78,6763.11,6796.29,0
11/6/2025 16:00:00,6787.59,6796.68,6707.51,6720.32,0
11/7/2025 16:00:00,6696.18,6730.11,6631.44,6728.8,0
11/10/2025 16:00:00,6785.36,6841.32,6770.56,6832.43,0
11/11/2025 16:00:00,6815.64,6855.13,6806.87,6846.61,0
11/12/2025 16:00:00,6867.77,6869.91,6829.62,6850.92,0
11/13/2025 16:00:00,6826.47,6828.05,6724.72,6737.49,0
11/14/2025 16:00:00,6672.14,6774.31,6646.87,6734.11,0
11/17/2025 16:00:00,6713.61,6754.5,6638.9,6672.41,0
11/18/2025 16:00:00,6641.19,6666.63,6574.32,6617.32,0
11/19/2025 16:00:00,6625.84,6689.75,6603.5,6642.16,0
11/20/2025 16:00:00,6737.93,6770.35,6534.05,6538.76,0
11/21/2025 16:00:00,6555.77,6660.05,6521.92,6602.99,0
11/24/2025 16:00:00,6636.54,6715.75,6630.7,6705.12,0
11/25/2025 16:00:00,6697.03,6776.4,6659.98,6765.88,0
11/26/2025 16:00:00,6793.55,6831.44,6783.87,6812.61,0
11/28/2025 13:00:00,6822.52,6850.86,6819.75,6849.09,0
12/1/2025 16:00:00,6812.3,6843.65,6799.94,6812.63,0
12/2/2025 16:00:00,6830.96,6851.55,6806.71,6829.37,0
12/3/2025 16:00:00,6815.29,6862.42,6810.43,6849.72,0
12/4/2025 16:00:00,6866.47,6866.47,6827.12,6857.12,0
12/5/2025 16:00:00,6866.32,6895.78,6858.29,6870.4,0
12/8/2025 16:00:00,6875.2,6878.27,6827.19,6846.51,0
12/9/2025 16:00:00,6840.61,6864.92,6837.43,6840.51,0
12/10/2025 16:00:00,6833.49,6900.67,6824.69,6886.68,0
12/11/2025 16:00:00,6861.3,6903.46,6833.45,6901,0
12/12/2025 16:00:00,6886.85,6899.85,6801.79,6827.41,0
12/15/2025 16:00:00,6860.19,6861.59,6801.49,6816.51,0
12/16/2025 16:00:00,6800.12,6819.27,6759.74,6800.26,0
12/17/2025 16:00:00,6802.88,6812.26,6720.43,6721.43,0
12/18/2025 16:00:00,6778.06,6816.13,6758.5,6774.76,0
12/19/2025 16:00:00,6792.62,6840.02,6792.62,6834.5,0
12/22/2025 16:00:00,6865.21,6882.03,6855.74,6878.49,0
12/23/2025 16:00:00,6872.41,6910.88,6868.81,6909.79,0
12/24/2025 13:00:00,6904.91,6937.32,6904.91,6932.05,0
12/26/2025 16:00:00,6936.02,6945.77,6921.6,6929.94,0
12/29/2025 16:00:00,6903.6,6920.21,6888.76,6905.74,0
12/30/2025 16:00:00,6900.44,6913.25,6893.47,6896.24,0
12/31/2025 16:00:00,6898.82,6901.42,6844.55,6845.5,0
1/2/2026 16:00:00,6878.11,6894.87,6824.31,6858.47,0
1/5/2026 16:00:00,6892.19,6920.38,6891.56,6902.05,0
1/6/2026 16:00:00,6908.03,6948.69,6904.02,6944.82,0
1/7/2026 16:00:00,6945.07,6965.69,6919.19,6920.93,0
1/8/2026 16:00:00,6914.11,6931.28,6899.33,6921.46,0
1/9/2026 16:00:00,6927.83,6978.36,6917.64,6966.28,0
1/12/2026 16:00:00,6944.12,6986.33,6934.07,6977.27,0
1/13/2026 16:00:00,6977.41,6985.83,6938.77,6963.74,0
1/14/2026 16:00:00,6937.41,6941.3,6885.74,6926.6,0
1/15/2026 16:00:00,6969.46,6979.34,6937.93,6944.47,0
1/16/2026 16:00:00,6960.54,6967.3,6925.09,6940.01,0
1/20/2026 16:00:00,6865.24,6871.17,6789.05,6796.86,0
1/21/2026 16:00:00,6810.71,6910.39,6804.96,6875.62,0
1/22/2026 16:00:00,6914.44,6934.75,6893.62,6913.35,0
1/23/2026 16:00:00,6907.85,6932.96,6895.5,6915.61,0
1/26/2026 16:00:00,6923.23,6964.66,6921.6,6950.23,0
1/27/2026 16:00:00,6965.96,6988.82,6958.83,6978.6,0
1/28/2026 16:00:00,7002,7002.28,6963.46,6978.03,0
1/29/2026 16:00:00,6977.74,6992.84,6870.8,6969.01,0
1/30/2026 16:00:00,6947.27,6964.09,6893.48,6939.03,0
2/2/2026 16:00:00,6916.64,6991.92,6914.34,6976.44,0
2/3/2026 16:00:00,6985.45,6993.08,6862.05,6917.81,0
2/4/2026 16:00:00,6924.5,6936.09,6838.8,6882.72,0
2/5/2026 16:00:00,6837.39,6857.85,6780.13,6798.4,0
2/6/2026 16:00:00,6816.74,6944.89,6816.74,6932.3,0
2/9/2026 16:00:00,6917.26,6980.1,6905.87,6964.82,0
2/10/2026 16:00:00,6974.49,6986.83,6937.53,6941.81,0
2/11/2026 16:00:00,6976.48,6993.48,6911.97,6941.47,0
2/12/2026 16:00:00,6957.54,6973.22,6824.04,6832.76,0
2/13/2026 16:00:00,6834.27,6881.96,6794.55,6836.17,0
2/17/2026 16:00:00,6819.86,6866.99,6775.5,6843.22,0
2/18/2026 16:00:00,6855.48,6909.12,6849.66,6881.31,0
2/19/2026 16:00:00,6861.34,6879.12,6833.06,6861.89,0
2/20/2026 16:00:00,6843.26,6915.86,6836.33,6909.51,0
2/23/2026 16:00:00,6901.25,6916.96,6819.82,6837.75,0